State,Suburb_Name,incident_count,eo,forecast,forecastaccuracy,risk,top_mechanism_1,top_mechanism_2,count_mechanism_1,count_mechanism_2,mechanism_per_1,mechanism_per_2,updated_on
South Australia,Aberfoyle Park,52,0,0,0,No Risk,"Falls, trips and slips of a person",Biological factors,34,14,0,0,2021-07-18 08:36:47.865692+00:00
South Australia,Adelaide,47,10.63,0,0,No Risk,"Falls, trips and slips of a person",Biological factors,20,2,0,0,2021-07-18 08:36:47.865692+00:01
South Australia,Adelaide Airport,62,0,0,0,No Risk,"Falls, trips and slips of a person",Biological factors,22,8,0,0,2021-07-18 08:36:47.865692+00:02
South Australia,Albert Park ,40,0,0,0,No Risk,"Falls, trips and slips of a person",Biological factors,20,10,0,0,2021-07-18 08:36:47.865692+00:03
South Australia,Alberton ,52,0,0,0,No Risk,"Falls, trips and slips of a person",Biological factors,29,13,0,0,2021-07-18 08:36:47.865692+00:04
South Australia,Aldgate,56,0,0,0,No Risk,"Falls, trips and slips of a person",Biological factors,29,16,0,0,2021-07-18 08:36:47.865692+00:05
South Australia,Aldinga,49,0,0,0,No Risk,"Falls, trips and slips of a person",Biological factors,22,2,0,0,2021-07-18 08:36:47.865692+00:06
South Australia,Aldinga Beach,54,0,0,0,No Risk,"Falls, trips and slips of a person",Biological factors,28,17,0,0,2021-07-18 08:36:47.865692+00:07
South Australia,Allenby Gardens,48,0,0,0,No Risk,"Falls, trips and slips of a person",Biological factors,24,10,0,0,2021-07-18 08:36:47.865692+00:08
South Australia,Allendale East,44,0,0,0,No Risk,"Falls, trips and slips of a person",Biological factors,20,8,0,0,2021-07-18 08:36:47.865692+00:09
South Australia,Alma ,62,0,0,0,No Risk,"Falls, trips and slips of a person",Biological factors,22,13,0,0,2021-07-18 08:36:47.865692+00:10
South Australia,Altona ,48,0,0,0,No Risk,"Falls, trips and slips of a person",Biological factors,30,14,0,0,2021-07-18 08:36:47.865692+00:11
South Australia,American River,60,0,0,0,No Risk,"Falls, trips and slips of a person",Biological factors,22,5,0,0,2021-07-18 08:36:47.865692+00:12
South Australia,Andamooka,57,0,0,0,No Risk,"Falls, trips and slips of a person",Biological factors,28,8,0,0,2021-07-18 08:36:47.865692+00:13
South Australia,Andrews Farm,44,0,0,0,No Risk,"Falls, trips and slips of a person",Biological factors,27,7,0,0,2021-07-18 08:36:47.865692+00:14
South Australia,Angaston,56,0,0,0,No Risk,"Falls, trips and slips of a person",Biological factors,23,8,0,0,2021-07-18 08:36:47.865692+00:15
South Australia,Angle Park,41,0,0,0,No Risk,"Falls, trips and slips of a person",Biological factors,30,10,0,0,2021-07-18 08:36:47.865692+00:16
South Australia,Angle Vale,49,0,0,0,No Risk,"Falls, trips and slips of a person",Biological factors,22,9,0,0,2021-07-18 08:36:47.865692+00:17
South Australia,Ardrossan,56,0,0,0,No Risk,"Falls, trips and slips of a person",Biological factors,33,18,0,0,2021-07-18 08:36:47.865692+00:18
South Australia,Armagh,0,0,0,0,0,0,0,0,0,0,0,2021-07-18 08:36:47.865692+00:19
South Australia,Arno Bay,49,0,0,0,0,0,0,0,0,0,0,2021-07-18 08:36:47.865692+00:20
South Australia,Arthurton,61,0,0,0,0,0,0,0,0,0,0,2021-07-18 08:36:47.865692+00:21
South Australia,Ascot Park,37,0,0,0,0,0,0,0,0,0,0,2021-07-18 08:36:47.865692+00:22
South Australia,Ashbourne ,37,0,0,0,0,0,0,0,0,0,0,2021-07-18 08:36:47.865692+00:23
South Australia,Ashford ,60,0,0,0,0,0,0,0,0,0,0,2021-07-18 08:36:47.865692+00:24
South Australia,Ashton,38,0,0,0,0,0,0,0,0,0,0,2021-07-18 08:36:47.865692+00:25
South Australia,Athelstone,53,0,0,0,0,0,0,0,0,0,0,2021-07-18 08:36:47.865692+00:26
South Australia,Athol Park,60,0,0,0,0,0,0,0,0,0,0,2021-07-18 08:36:47.865692+00:27
South Australia,Auburn ,62,0,0,0,0,0,0,0,0,0,0,2021-07-18 08:36:47.865692+00:28
South Australia,Auldana,42,0,0,0,0,0,0,0,0,0,0,2021-07-18 08:36:47.865692+00:29
South Australia,Balaklava,49,0,0,0,0,0,0,0,0,0,0,2021-07-18 08:36:47.865692+00:30
South Australia,Balgowan ,41,0,0,0,0,0,0,0,0,0,0,2021-07-18 08:36:47.865692+00:31
South Australia,Balhannah,48,0,0,0,0,0,0,0,0,0,0,2021-07-18 08:36:47.865692+00:32
South Australia,Banksia Park,43,0,0,0,0,0,0,0,0,0,0,2021-07-18 08:36:47.865692+00:33
South Australia,Barmera,41,0,0,0,0,0,0,0,0,0,0,2021-07-18 08:36:47.865692+00:34
South Australia,Basket Range,58,0,0,0,0,0,0,0,0,0,0,2021-07-18 08:36:47.865692+00:35
South Australia,Beachport,58,0,0,0,0,0,0,0,0,0,0,2021-07-18 08:36:47.865692+00:36
South Australia,Beaumont ,62,0,0,0,0,0,0,0,0,0,0,2021-07-18 08:36:47.865692+00:37
South Australia,Bedford Park,37,0,0,0,0,0,0,0,0,0,0,2021-07-18 08:36:47.865692+00:38
South Australia,Belair,37,0,0,0,0,0,0,0,0,0,0,2021-07-18 08:36:47.865692+00:39
South Australia,Bellevue Heights,54,0,0,0,0,0,0,0,0,0,0,2021-07-18 08:36:47.865692+00:40
South Australia,Berri,62,0,0,0,0,0,0,0,0,0,0,2021-07-18 08:36:47.865692+00:41
South Australia,Bethany,38,0,0,0,0,0,0,0,0,0,0,2021-07-18 08:36:47.865692+00:42
South Australia,Beulah Park,52,0,0,0,0,0,0,0,0,0,0,2021-07-18 08:36:47.865692+00:43
South Australia,Beverley ,47,0,0,0,0,0,0,0,0,0,0,2021-07-18 08:36:47.865692+00:44
South Australia,Bibaringa,43,0,0,0,0,0,0,0,0,0,0,2021-07-18 08:36:47.865692+00:45
South Australia,Birdwood ,58,0,0,0,0,0,0,0,0,0,0,2021-07-18 08:36:47.865692+00:46
South Australia,Birkenhead,56,0,0,0,0,0,0,0,0,0,0,2021-07-18 08:36:47.865692+00:47
South Australia,Black Forest,58,0,0,0,0,0,0,0,0,0,0,2021-07-18 08:36:47.865692+00:48
South Australia,Black Point,55,0,0,0,0,0,0,0,0,0,0,2021-07-18 08:36:47.865692+00:49
South Australia,Blackwood ,50,0,0,0,0,0,0,0,0,0,0,2021-07-18 08:36:47.865692+00:50
South Australia,Blair Athol ,61,0,0,0,0,0,0,0,0,0,0,2021-07-18 08:36:47.865692+00:51
South Australia,Blakeview,60,0,0,0,0,0,0,0,0,0,0,2021-07-18 08:36:47.865692+00:52
South Australia,Blakiston,62,0,0,0,0,0,0,0,0,0,0,2021-07-18 08:36:47.865692+00:53
South Australia,Blanchetown,40,0,0,0,0,0,0,0,0,0,0,2021-07-18 08:36:47.865692+00:54
South Australia,Blewitt Springs,51,0,0,0,0,0,0,0,0,0,0,2021-07-18 08:36:47.865692+00:55
South Australia,Blyth,52,0,0,0,0,0,0,0,0,0,0,2021-07-18 08:36:47.865692+00:56
South Australia,Bolivar,45,0,0,0,0,0,0,0,0,0,0,2021-07-18 08:36:47.865692+00:57
South Australia,Booborowie,60,0,0,0,0,0,0,0,0,0,0,2021-07-18 08:36:47.865692+00:58
South Australia,Booleroo Centre,39,0,0,0,0,0,0,0,0,0,0,2021-07-18 08:36:47.865692+00:59
South Australia,Bordertown,41,0,0,0,0,0,0,0,0,0,0,2021-07-18 08:36:47.865692+00:60
South Australia,Boston,46,0,0,0,0,0,0,0,0,0,0,2021-07-18 08:36:47.865692+00:61
South Australia,Bowden,52,0,0,0,0,0,0,0,0,0,0,2021-07-18 08:36:47.865692+00:62
South Australia,Bowmans,47,0,0,0,0,0,0,0,0,0,0,2021-07-18 08:36:47.865692+00:63
South Australia,Bradbury ,43,0,0,0,0,0,0,0,0,0,0,2021-07-18 08:36:47.865692+00:64
South Australia,Brahma Lodge,48,0,0,0,0,0,0,0,0,0,0,2021-07-18 08:36:47.865692+00:65
South Australia,Bridgewater ,37,0,0,0,0,0,0,0,0,0,0,2021-07-18 08:36:47.865692+00:66
South Australia,Brighton ,41,0,0,0,0,0,0,0,0,0,0,2021-07-18 08:36:47.865692+00:67
South Australia,Brinkworth,49,0,0,0,0,0,0,0,0,0,0,2021-07-18 08:36:47.865692+00:68
South Australia,Broadview,55,0,0,0,0,0,0,0,0,0,0,2021-07-18 08:36:47.865692+00:69
South Australia,Brompton,46,0,0,0,0,0,0,0,0,0,0,2021-07-18 08:36:47.865692+00:70
South Australia,Brooklyn Park,53,0,0,0,0,0,0,0,0,0,0,2021-07-18 08:36:47.865692+00:71
South Australia,Brown Hill Creek,47,0,0,0,0,0,0,0,0,0,0,2021-07-18 08:36:47.865692+00:72
South Australia,Brownlow Ki,61,0,0,0,0,0,0,0,0,0,0,2021-07-18 08:36:47.865692+00:73
South Australia,Brukunga,60,0,0,0,0,0,0,0,0,0,0,2021-07-18 08:36:47.865692+00:74
South Australia,Buchfelde,46,0,0,0,0,0,0,0,0,0,0,2021-07-18 08:36:47.865692+00:75
South Australia,Buckland Park,46,0,0,0,0,0,0,0,0,0,0,2021-07-18 08:36:47.865692+00:76
South Australia,Bugle Hut,56,0,0,0,0,0,0,0,0,0,0,2021-07-18 08:36:47.865692+00:77
South Australia,Bugle Ranges,53,0,0,0,0,0,0,0,0,0,0,2021-07-18 08:36:47.865692+00:78
South Australia,Burdett,41,0,0,0,0,0,0,0,0,0,0,2021-07-18 08:36:47.865692+00:79
South Australia,Burnside ,48,0,0,0,0,0,0,0,0,0,0,2021-07-18 08:36:47.865692+00:80
South Australia,Burra ,54,0,0,0,0,0,0,0,0,0,0,2021-07-18 08:36:47.865692+00:81
South Australia,Burton ,51,0,0,0,0,0,0,0,0,0,0,2021-07-18 08:36:47.865692+00:82
South Australia,Bute,50,0,0,0,0,0,0,0,0,0,0,2021-07-18 08:36:47.865692+00:83
South Australia,Cadell,58,0,0,0,0,0,0,0,0,0,0,2021-07-18 08:36:47.865692+00:84
South Australia,Callington,57,0,0,0,0,0,0,0,0,0,0,2021-07-18 08:36:47.865692+00:85
South Australia,Caloote,41,0,0,0,0,0,0,0,0,0,0,2021-07-18 08:36:47.865692+00:86
South Australia,Caltowie,50,0,0,0,0,0,0,0,0,0,0,2021-07-18 08:36:47.865692+00:87
South Australia,Cambrai,46,0,0,0,0,0,0,0,0,0,0,2021-07-18 08:36:47.865692+00:88
South Australia,Camden Park ,40,0,0,0,0,0,0,0,0,0,0,2021-07-18 08:36:47.865692+00:89
South Australia,Campbelltown ,42,0,0,0,0,0,0,0,0,0,0,2021-07-18 08:36:47.865692+00:90
South Australia,Cape Jaffa,53,0,0,0,0,0,0,0,0,0,0,2021-07-18 08:36:47.865692+00:91
South Australia,Cape Jervis,43,0,0,0,0,0,0,0,0,0,0,2021-07-18 08:36:47.865692+00:92
South Australia,Carey Gully,58,0,0,0,0,0,0,0,0,0,0,2021-07-18 08:36:47.865692+00:93
South Australia,Carpenter Rocks,52,0,0,0,0,0,0,0,0,0,0,2021-07-18 08:36:47.865692+00:94
South Australia,Carrickalinga,48,0,0,0,0,0,0,0,0,0,0,2021-07-18 08:36:47.865692+00:95
South Australia,Ceduna,41,0,0,0,0,0,0,0,0,0,0,2021-07-18 08:36:47.865692+00:96
South Australia,Chaffey,43,0,0,0,0,0,0,0,0,0,0,2021-07-18 08:36:47.865692+00:97
South Australia,Chandlers Hill,56,0,0,0,0,0,0,0,0,0,0,2021-07-18 08:36:47.865692+00:98
South Australia,Chapel Hill ,40,0,0,0,0,0,0,0,0,0,0,2021-07-18 08:36:47.865692+00:99
South Australia,Charleston,54,0,0,0,0,0,0,0,0,0,0,2021-07-18 08:36:47.865692+00:100
South Australia,Cheltenham ,38,0,0,0,0,0,0,0,0,0,0,2021-07-18 08:36:47.865692+00:101
South Australia,Cherry Gardens,42,0,0,0,0,0,0,0,0,0,0,2021-07-18 08:36:47.865692+00:102
South Australia,Christie Downs,36,0,0,0,0,0,0,0,0,0,0,2021-07-18 08:36:47.865692+00:103
South Australia,Christies Beach,39,0,0,0,0,0,0,0,0,0,0,2021-07-18 08:36:47.865692+00:104
South Australia,Clapham,40,0,0,0,0,0,0,0,0,0,0,2021-07-18 08:36:47.865692+00:105
South Australia,Clare ,46,0,0,0,0,0,0,0,0,0,0,2021-07-18 08:36:47.865692+00:106
South Australia,Clarence Gardens,42,0,0,0,0,0,0,0,0,0,0,2021-07-18 08:36:47.865692+00:107
South Australia,Clarence Park,57,0,0,0,0,0,0,0,0,0,0,2021-07-18 08:36:47.865692+00:108
South Australia,Clarendon ,53,0,0,0,0,0,0,0,0,0,0,2021-07-18 08:36:47.865692+00:109
South Australia,Clayton Bay,57,0,0,0,0,0,0,0,0,0,0,2021-07-18 08:36:47.865692+00:110
South Australia,Clearview,56,0,0,0,0,0,0,0,0,0,0,2021-07-18 08:36:47.865692+00:111
South Australia,Cleland,61,0,0,0,0,0,0,0,0,0,0,2021-07-18 08:36:47.865692+00:112
South Australia,Cleve,36,0,0,0,0,0,0,0,0,0,0,2021-07-18 08:36:47.865692+00:113
South Australia,Clinton ,56,0,0,0,0,0,0,0,0,0,0,2021-07-18 08:36:47.865692+00:114
South Australia,Clovelly Park,56,0,0,0,0,0,0,0,0,0,0,2021-07-18 08:36:47.865692+00:115
South Australia,Cobdogla,44,0,0,0,0,0,0,0,0,0,0,2021-07-18 08:36:47.865692+00:116
South Australia,Cockatoo Valley,40,0,0,0,0,0,0,0,0,0,0,2021-07-18 08:36:47.865692+00:117
South Australia,Coffin Bay,55,0,0,0,0,0,0,0,0,0,0,2021-07-18 08:36:47.865692+00:118
South Australia,College Park,40,0,0,0,0,0,0,0,0,0,0,2021-07-18 08:36:47.865692+00:119
South Australia,Collinswood,39,0,0,0,0,0,0,0,0,0,0,2021-07-18 08:36:47.865692+00:120
South Australia,Colonel Light Gardens,62,0,0,0,0,0,0,0,0,0,0,2021-07-18 08:36:47.865692+00:121
South Australia,Commissariat Point,42,0,0,0,0,0,0,0,0,0,0,2021-07-18 08:36:47.865692+00:122
South Australia,Compton,60,0,0,0,0,0,0,0,0,0,0,2021-07-18 08:36:47.865692+00:123
South Australia,Concordia,60,0,0,0,0,0,0,0,0,0,0,2021-07-18 08:36:47.865692+00:124
South Australia,Coober Pedy,48,0,0,0,0,0,0,0,0,0,0,2021-07-18 08:36:47.865692+00:125
South Australia,Coobowie,55,0,0,0,0,0,0,0,0,0,0,2021-07-18 08:36:47.865692+00:126
South Australia,Cooltong,44,0,0,0,0,0,0,0,0,0,0,2021-07-18 08:36:47.865692+00:127
South Australia,Coonalpyn,50,0,0,0,0,0,0,0,0,0,0,2021-07-18 08:36:47.865692+00:128
South Australia,Coonamia,36,0,0,0,0,0,0,0,0,0,0,2021-07-18 08:36:47.865692+00:129
South Australia,Coonawarra ,49,0,0,0,0,0,0,0,0,0,0,2021-07-18 08:36:47.865692+00:130
South Australia,Copley ,42,0,0,0,0,0,0,0,0,0,0,2021-07-18 08:36:47.865692+00:131
South Australia,Corny Point,62,0,0,0,0,0,0,0,0,0,0,2021-07-18 08:36:47.865692+00:132
South Australia,Coromandel East,50,0,0,0,0,0,0,0,0,0,0,2021-07-18 08:36:47.865692+00:133
South Australia,Coromandel Valley,62,0,0,0,0,0,0,0,0,0,0,2021-07-18 08:36:47.865692+00:134
South Australia,Cowandilla,58,0,0,0,0,0,0,0,0,0,0,2021-07-18 08:36:47.865692+00:135
South Australia,Cowell,56,0,0,0,0,0,0,0,0,0,0,2021-07-18 08:36:47.865692+00:136
South Australia,Crafers,42,0,0,0,0,0,0,0,0,0,0,2021-07-18 08:36:47.865692+00:137
South Australia,Crafers West,41,0,0,0,0,0,0,0,0,0,0,2021-07-18 08:36:47.865692+00:138
South Australia,Craigburn Farm,37,0,0,0,0,0,0,0,0,0,0,2021-07-18 08:36:47.865692+00:139
South Australia,Craigmore,61,0,0,0,0,0,0,0,0,0,0,2021-07-18 08:36:47.865692+00:140
South Australia,Croydon ,48,0,0,0,0,0,0,0,0,0,0,2021-07-18 08:36:47.865692+00:141
South Australia,Croydon Park ,52,0,0,0,0,0,0,0,0,0,0,2021-07-18 08:36:47.865692+00:142
South Australia,Crystal Brook ,38,0,0,0,0,0,0,0,0,0,0,2021-07-18 08:36:47.865692+00:143
South Australia,Cudlee Creek,59,0,0,0,0,0,0,0,0,0,0,2021-07-18 08:36:47.865692+00:144
South Australia,Cumberland Park,61,0,0,0,0,0,0,0,0,0,0,2021-07-18 08:36:47.865692+00:145
South Australia,Cummins,47,0,0,0,0,0,0,0,0,0,0,2021-07-18 08:36:47.865692+00:146
South Australia,Curramulka,46,0,0,0,0,0,0,0,0,0,0,2021-07-18 08:36:47.865692+00:147
South Australia,Currency Creek,51,0,0,0,0,0,0,0,0,0,0,2021-07-18 08:36:47.865692+00:148
South Australia,Darke Peak,42,0,0,0,0,0,0,0,0,0,0,2021-07-18 08:36:47.865692+00:149
South Australia,Darlington ,40,0,0,0,0,0,0,0,0,0,0,2021-07-18 08:36:47.865692+00:150
South Australia,Davoren Park,40,0,0,0,0,0,0,0,0,0,0,2021-07-18 08:36:47.865692+00:151
South Australia,Daw Park,58,0,0,0,0,0,0,0,0,0,0,2021-07-18 08:36:47.865692+00:152
South Australia,Dawesley,45,0,0,0,0,0,0,0,0,0,0,2021-07-18 08:36:47.865692+00:153
South Australia,Denial Bay,48,0,0,0,0,0,0,0,0,0,0,2021-07-18 08:36:47.865692+00:154
South Australia,Dernancourt,52,0,0,0,0,0,0,0,0,0,0,2021-07-18 08:36:47.865692+00:155
South Australia,Devon Park ,40,0,0,0,0,0,0,0,0,0,0,2021-07-18 08:36:47.865692+00:156
South Australia,Donovans,50,0,0,0,0,0,0,0,0,0,0,2021-07-18 08:36:47.865692+00:157
South Australia,Dover Gardens,58,0,0,0,0,0,0,0,0,0,0,2021-07-18 08:36:47.865692+00:158
South Australia,Dry Creek ,42,0,0,0,0,0,0,0,0,0,0,2021-07-18 08:36:47.865692+00:159
South Australia,Dublin,61,0,0,0,0,0,0,0,0,0,0,2021-07-18 08:36:47.865692+00:160
South Australia,Duck Ponds,45,0,0,0,0,0,0,0,0,0,0,2021-07-18 08:36:47.865692+00:161
South Australia,Dudley Park ,62,0,0,0,0,0,0,0,0,0,0,2021-07-18 08:36:47.865692+00:162
South Australia,Dulwich,56,0,0,0,0,0,0,0,0,0,0,2021-07-18 08:36:47.865692+00:163
South Australia,Eastwood ,43,0,0,0,0,0,0,0,0,0,0,2021-07-18 08:36:47.865692+00:164
South Australia,Ebenezer ,42,0,0,0,0,0,0,0,0,0,0,2021-07-18 08:36:47.865692+00:165
South Australia,Echunga,57,0,0,0,0,0,0,0,0,0,0,2021-07-18 08:36:47.865692+00:166
South Australia,Eden Hills,55,0,0,0,0,0,0,0,0,0,0,2021-07-18 08:36:47.865692+00:167
South Australia,Eden Valley,38,0,0,0,0,0,0,0,0,0,0,2021-07-18 08:36:47.865692+00:168
South Australia,Edillilie,57,0,0,0,0,0,0,0,0,0,0,2021-07-18 08:36:47.865692+00:169
South Australia,Edinburgh,49,0,0,0,0,0,0,0,0,0,0,2021-07-18 08:36:47.865692+00:170
South Australia,Edithburgh,52,0,0,0,0,0,0,0,0,0,0,2021-07-18 08:36:47.865692+00:171
South Australia,Edwardstown,58,0,0,0,0,0,0,0,0,0,0,2021-07-18 08:36:47.865692+00:172
South Australia,Elizabeth,46,0,0,0,0,0,0,0,0,0,0,2021-07-18 08:36:47.865692+00:173
South Australia,Elizabeth Downs,54,0,0,0,0,0,0,0,0,0,0,2021-07-18 08:36:47.865692+00:174
South Australia,Elizabeth East,48,0,0,0,0,0,0,0,0,0,0,2021-07-18 08:36:47.865692+00:175
South Australia,Elizabeth Grove,39,0,0,0,0,0,0,0,0,0,0,2021-07-18 08:36:47.865692+00:176
South Australia,Elizabeth North,43,0,0,0,0,0,0,0,0,0,0,2021-07-18 08:36:47.865692+00:177
South Australia,Elizabeth Park,60,0,0,0,0,0,0,0,0,0,0,2021-07-18 08:36:47.865692+00:178
South Australia,Elizabeth South,39,0,0,0,0,0,0,0,0,0,0,2021-07-18 08:36:47.865692+00:179
South Australia,Elizabeth Vale,37,0,0,0,0,0,0,0,0,0,0,2021-07-18 08:36:47.865692+00:180
South Australia,Elizabeth West,49,0,0,0,0,0,0,0,0,0,0,2021-07-18 08:36:47.865692+00:181
South Australia,Elliston,52,0,0,0,0,0,0,0,0,0,0,2021-07-18 08:36:47.865692+00:182
South Australia,Encounter Bay,44,0,0,0,0,0,0,0,0,0,0,2021-07-18 08:36:47.865692+00:183
South Australia,Enfield ,36,0,0,0,0,0,0,0,0,0,0,2021-07-18 08:36:47.865692+00:184
South Australia,Erindale,46,0,0,0,0,0,0,0,0,0,0,2021-07-18 08:36:47.865692+00:185
South Australia,Ethelton,37,0,0,0,0,0,0,0,0,0,0,2021-07-18 08:36:47.865692+00:186
South Australia,Eudunda,61,0,0,0,0,0,0,0,0,0,0,2021-07-18 08:36:47.865692+00:187
South Australia,Evandale ,43,0,0,0,0,0,0,0,0,0,0,2021-07-18 08:36:47.865692+00:188
South Australia,Evanston,38,0,0,0,0,0,0,0,0,0,0,2021-07-18 08:36:47.865692+00:189
South Australia,Evanston Gardens,51,0,0,0,0,0,0,0,0,0,0,2021-07-18 08:36:47.865692+00:190
South Australia,Evanston Park,54,0,0,0,0,0,0,0,0,0,0,2021-07-18 08:36:47.865692+00:191
South Australia,Everard Park,55,0,0,0,0,0,0,0,0,0,0,2021-07-18 08:36:47.865692+00:192
South Australia,Exeter ,59,0,0,0,0,0,0,0,0,0,0,2021-07-18 08:36:47.865692+00:193
South Australia,Fairview Park,56,0,0,0,0,0,0,0,0,0,0,2021-07-18 08:36:47.865692+00:194
South Australia,False Bay,39,0,0,0,0,0,0,0,0,0,0,2021-07-18 08:36:47.865692+00:195
South Australia,Farrell Flat,47,0,0,0,0,0,0,0,0,0,0,2021-07-18 08:36:47.865692+00:196
South Australia,Felixstow,48,0,0,0,0,0,0,0,0,0,0,2021-07-18 08:36:47.865692+00:197
South Australia,Ferryden Park,58,0,0,0,0,0,0,0,0,0,0,2021-07-18 08:36:47.865692+00:198
South Australia,Findon,39,0,0,0,0,0,0,0,0,0,0,2021-07-18 08:36:47.865692+00:199
South Australia,Finniss,46,0,0,0,0,0,0,0,0,0,0,2021-07-18 08:36:47.865692+00:200
South Australia,Firle,49,0,0,0,0,0,0,0,0,0,0,2021-07-18 08:36:47.865692+00:201
South Australia,Fisherman Bay,55,0,0,0,0,0,0,0,0,0,0,2021-07-18 08:36:47.865692+00:202
South Australia,Fitzroy ,57,0,0,0,0,0,0,0,0,0,0,2021-07-18 08:36:47.865692+00:203
South Australia,Flagstaff Hill,56,0,0,0,0,0,0,0,0,0,0,2021-07-18 08:36:47.865692+00:204
South Australia,Flaxley,48,0,0,0,0,0,0,0,0,0,0,2021-07-18 08:36:47.865692+00:205
South Australia,Flaxman Valley,47,0,0,0,0,0,0,0,0,0,0,2021-07-18 08:36:47.865692+00:206
South Australia,Flinders Park,52,0,0,0,0,0,0,0,0,0,0,2021-07-18 08:36:47.865692+00:207
South Australia,Forest Range,51,0,0,0,0,0,0,0,0,0,0,2021-07-18 08:36:47.865692+00:208
South Australia,Forestville ,50,0,0,0,0,0,0,0,0,0,0,2021-07-18 08:36:47.865692+00:209
South Australia,Forreston,49,0,0,0,0,0,0,0,0,0,0,2021-07-18 08:36:47.865692+00:210
South Australia,Freeling,57,0,0,0,0,0,0,0,0,0,0,2021-07-18 08:36:47.865692+00:211
South Australia,Frewville,43,0,0,0,0,0,0,0,0,0,0,2021-07-18 08:36:47.865692+00:212
South Australia,Fulham ,46,0,0,0,0,0,0,0,0,0,0,2021-07-18 08:36:47.865692+00:213
South Australia,Fulham Gardens,51,0,0,0,0,0,0,0,0,0,0,2021-07-18 08:36:47.865692+00:214
South Australia,Fullarton,62,0,0,0,0,0,0,0,0,0,0,2021-07-18 08:36:47.865692+00:215
South Australia,Garden Island ,43,0,0,0,0,0,0,0,0,0,0,2021-07-18 08:36:47.865692+00:216
South Australia,Gawler ,53,0,0,0,0,0,0,0,0,0,0,2021-07-18 08:36:47.865692+00:217
South Australia,Gawler Belt,51,0,0,0,0,0,0,0,0,0,0,2021-07-18 08:36:47.865692+00:218
South Australia,Gawler East,62,0,0,0,0,0,0,0,0,0,0,2021-07-18 08:36:47.865692+00:219
South Australia,Gawler River,50,0,0,0,0,0,0,0,0,0,0,2021-07-18 08:36:47.865692+00:220
South Australia,Gawler South,37,0,0,0,0,0,0,0,0,0,0,2021-07-18 08:36:47.865692+00:221
South Australia,Gawler West,51,0,0,0,0,0,0,0,0,0,0,2021-07-18 08:36:47.865692+00:222
South Australia,Georgetown ,61,0,0,0,0,0,0,0,0,0,0,2021-07-18 08:36:47.865692+00:223
South Australia,Gepps Cross,36,0,0,0,0,0,0,0,0,0,0,2021-07-18 08:36:47.865692+00:224
South Australia,Germein Bay,50,0,0,0,0,0,0,0,0,0,0,2021-07-18 08:36:47.865692+00:225
South Australia,Gilberton ,53,0,0,0,0,0,0,0,0,0,0,2021-07-18 08:36:47.865692+00:226
South Australia,Gilles Plains,47,0,0,0,0,0,0,0,0,0,0,2021-07-18 08:36:47.865692+00:227
South Australia,Gladstone ,36,0,0,0,0,0,0,0,0,0,0,2021-07-18 08:36:47.865692+00:228
South Australia,Glandore,46,0,0,0,0,0,0,0,0,0,0,2021-07-18 08:36:47.865692+00:229
South Australia,Glanville,53,0,0,0,0,0,0,0,0,0,0,2021-07-18 08:36:47.865692+00:230
South Australia,Glen Osmond,42,0,0,0,0,0,0,0,0,0,0,2021-07-18 08:36:47.865692+00:231
South Australia,Glenalta,36,0,0,0,0,0,0,0,0,0,0,2021-07-18 08:36:47.865692+00:232
South Australia,Glenburnie,62,0,0,0,0,0,0,0,0,0,0,2021-07-18 08:36:47.865692+00:233
South Australia,Glencoe ,48,0,0,0,0,0,0,0,0,0,0,2021-07-18 08:36:47.865692+00:234
South Australia,Glendambo,52,0,0,0,0,0,0,0,0,0,0,2021-07-18 08:36:47.865692+00:235
South Australia,Glenelg ,62,0,0,0,0,0,0,0,0,0,0,2021-07-18 08:36:47.865692+00:236
South Australia,Glenelg East,42,0,0,0,0,0,0,0,0,0,0,2021-07-18 08:36:47.865692+00:237
South Australia,Glenelg North,44,0,0,0,0,0,0,0,0,0,0,2021-07-18 08:36:47.865692+00:238
South Australia,Glenelg South,45,0,0,0,0,0,0,0,0,0,0,2021-07-18 08:36:47.865692+00:239
South Australia,Glengowrie,42,0,0,0,0,0,0,0,0,0,0,2021-07-18 08:36:47.865692+00:240
South Australia,Glenside,57,0,0,0,0,0,0,0,0,0,0,2021-07-18 08:36:47.865692+00:241
South Australia,Glenunga,51,0,0,0,0,0,0,0,0,0,0,2021-07-18 08:36:47.865692+00:242
South Australia,Globe Derby Park,57,0,0,0,0,0,0,0,0,0,0,2021-07-18 08:36:47.865692+00:243
South Australia,Glossop,62,0,0,0,0,0,0,0,0,0,0,2021-07-18 08:36:47.865692+00:244
South Australia,Glynde,62,0,0,0,0,0,0,0,0,0,0,2021-07-18 08:36:47.865692+00:245
South Australia,Golden Grove,55,0,0,0,0,0,0,0,0,0,0,2021-07-18 08:36:47.865692+00:246
South Australia,Golden Heights,57,0,0,0,0,0,0,0,0,0,0,2021-07-18 08:36:47.865692+00:247
South Australia,Goodwood ,60,0,0,0,0,0,0,0,0,0,0,2021-07-18 08:36:47.865692+00:248
South Australia,Goolwa,61,0,0,0,0,0,0,0,0,0,0,2021-07-18 08:36:47.865692+00:249
South Australia,Goolwa Beach,52,0,0,0,0,0,0,0,0,0,0,2021-07-18 08:36:47.865692+00:250
South Australia,Goolwa North,38,0,0,0,0,0,0,0,0,0,0,2021-07-18 08:36:47.865692+00:251
South Australia,Goolwa South,52,0,0,0,0,0,0,0,0,0,0,2021-07-18 08:36:47.865692+00:252
South Australia,Gould Creek,42,0,0,0,0,0,0,0,0,0,0,2021-07-18 08:36:47.865692+00:253
South Australia,Grange ,36,0,0,0,0,0,0,0,0,0,0,2021-07-18 08:36:47.865692+00:254
South Australia,Green Fields,57,0,0,0,0,0,0,0,0,0,0,2021-07-18 08:36:47.865692+00:255
South Australia,Greenacres,62,0,0,0,0,0,0,0,0,0,0,2021-07-18 08:36:47.865692+00:256
South Australia,Greenhill ,39,0,0,0,0,0,0,0,0,0,0,2021-07-18 08:36:47.865692+00:257
South Australia,Greenock,52,0,0,0,0,0,0,0,0,0,0,2021-07-18 08:36:47.865692+00:258
South Australia,Greenwith,56,0,0,0,0,0,0,0,0,0,0,2021-07-18 08:36:47.865692+00:259
South Australia,Gulfview Heights,38,0,0,0,0,0,0,0,0,0,0,2021-07-18 08:36:47.865692+00:260
South Australia,Gumeracha,57,0,0,0,0,0,0,0,0,0,0,2021-07-18 08:36:47.865692+00:261
South Australia,Hackham,57,0,0,0,0,0,0,0,0,0,0,2021-07-18 08:36:47.865692+00:262
South Australia,Hackham West,45,0,0,0,0,0,0,0,0,0,0,2021-07-18 08:36:47.865692+00:263
South Australia,Hackney,62,0,0,0,0,0,0,0,0,0,0,2021-07-18 08:36:47.865692+00:264
South Australia,Hahndorf,43,0,0,0,0,0,0,0,0,0,0,2021-07-18 08:36:47.865692+00:265
South Australia,Halbury,60,0,0,0,0,0,0,0,0,0,0,2021-07-18 08:36:47.865692+00:266
South Australia,Hallett,49,0,0,0,0,0,0,0,0,0,0,2021-07-18 08:36:47.865692+00:267
South Australia,Hallett Cove,46,0,0,0,0,0,0,0,0,0,0,2021-07-18 08:36:47.865692+00:268
South Australia,Hamley Bridge,52,0,0,0,0,0,0,0,0,0,0,2021-07-18 08:36:47.865692+00:269
South Australia,Hampden ,50,0,0,0,0,0,0,0,0,0,0,2021-07-18 08:36:47.865692+00:270
South Australia,Hampstead Gardens,58,0,0,0,0,0,0,0,0,0,0,2021-07-18 08:36:47.865692+00:271
South Australia,Happy Valley ,41,0,0,0,0,0,0,0,0,0,0,2021-07-18 08:36:47.865692+00:272
South Australia,Hardwicke Bay,41,0,0,0,0,0,0,0,0,0,0,2021-07-18 08:36:47.865692+00:273
South Australia,Harrogate,41,0,0,0,0,0,0,0,0,0,0,2021-07-18 08:36:47.865692+00:274
South Australia,Hatherleigh,36,0,0,0,0,0,0,0,0,0,0,2021-07-18 08:36:47.865692+00:275
South Australia,Hawker ,53,0,0,0,0,0,0,0,0,0,0,2021-07-18 08:36:47.865692+00:276
South Australia,Hawson,46,0,0,0,0,0,0,0,0,0,0,2021-07-18 08:36:47.865692+00:277
South Australia,Hawthorn ,39,0,0,0,0,0,0,0,0,0,0,2021-07-18 08:36:47.865692+00:278
South Australia,Hawthorndene,61,0,0,0,0,0,0,0,0,0,0,2021-07-18 08:36:47.865692+00:279
South Australia,Hayborough,57,0,0,0,0,0,0,0,0,0,0,2021-07-18 08:36:47.865692+00:280
South Australia,Hazelwood Park,45,0,0,0,0,0,0,0,0,0,0,2021-07-18 08:36:47.865692+00:281
South Australia,Heathfield,56,0,0,0,0,0,0,0,0,0,0,2021-07-18 08:36:47.865692+00:282
South Australia,Heathpool,47,0,0,0,0,0,0,0,0,0,0,2021-07-18 08:36:47.865692+00:283
South Australia,Hectorville,41,0,0,0,0,0,0,0,0,0,0,2021-07-18 08:36:47.865692+00:284
South Australia,Hendon ,39,0,0,0,0,0,0,0,0,0,0,2021-07-18 08:36:47.865692+00:285
South Australia,Henley Beach,60,0,0,0,0,0,0,0,0,0,0,2021-07-18 08:36:47.865692+00:286
South Australia,Henley Beach South,44,0,0,0,0,0,0,0,0,0,0,2021-07-18 08:36:47.865692+00:287
South Australia,Hewett,48,0,0,0,0,0,0,0,0,0,0,2021-07-18 08:36:47.865692+00:288
South Australia,Highbury ,39,0,0,0,0,0,0,0,0,0,0,2021-07-18 08:36:47.865692+00:289
South Australia,Highgate ,61,0,0,0,0,0,0,0,0,0,0,2021-07-18 08:36:47.865692+00:290
South Australia,Highland Valley,51,0,0,0,0,0,0,0,0,0,0,2021-07-18 08:36:47.865692+00:291
South Australia,Hillbank,42,0,0,0,0,0,0,0,0,0,0,2021-07-18 08:36:47.865692+00:292
South Australia,Hillcrest ,52,0,0,0,0,0,0,0,0,0,0,2021-07-18 08:36:47.865692+00:293
South Australia,Hillier,43,0,0,0,0,0,0,0,0,0,0,2021-07-18 08:36:47.865692+00:294
South Australia,Hilltown,60,0,0,0,0,0,0,0,0,0,0,2021-07-18 08:36:47.865692+00:295
South Australia,Hilton ,36,0,0,0,0,0,0,0,0,0,0,2021-07-18 08:36:47.865692+00:296
South Australia,Hindmarsh ,41,0,0,0,0,0,0,0,0,0,0,2021-07-18 08:36:47.865692+00:297
South Australia,Hindmarsh Island,53,0,0,0,0,0,0,0,0,0,0,2021-07-18 08:36:47.865692+00:298
South Australia,Hindmarsh Valley,48,0,0,0,0,0,0,0,0,0,0,2021-07-18 08:36:47.865692+00:299
South Australia,Holden Hill,46,0,0,0,0,0,0,0,0,0,0,2021-07-18 08:36:47.865692+00:300
South Australia,Hope Valley ,44,0,0,0,0,0,0,0,0,0,0,2021-07-18 08:36:47.865692+00:301
South Australia,Horsnell Gully,43,0,0,0,0,0,0,0,0,0,0,2021-07-18 08:36:47.865692+00:302
South Australia,Houghton,58,0,0,0,0,0,0,0,0,0,0,2021-07-18 08:36:47.865692+00:303
South Australia,Hove,50,0,0,0,0,0,0,0,0,0,0,2021-07-18 08:36:47.865692+00:304
South Australia,Humbug Scrub,42,0,0,0,0,0,0,0,0,0,0,2021-07-18 08:36:47.865692+00:305
South Australia,Huntfield Heights,46,0,0,0,0,0,0,0,0,0,0,2021-07-18 08:36:47.865692+00:306
South Australia,Hyde Park ,57,0,0,0,0,0,0,0,0,0,0,2021-07-18 08:36:47.865692+00:307
South Australia,Ingle Farm,48,0,0,0,0,0,0,0,0,0,0,2021-07-18 08:36:47.865692+00:308
South Australia,Inglewood ,49,0,0,0,0,0,0,0,0,0,0,2021-07-18 08:36:47.865692+00:309
South Australia,Inman Valley,42,0,0,0,0,0,0,0,0,0,0,2021-07-18 08:36:47.865692+00:310
South Australia,Inneston,60,0,0,0,0,0,0,0,0,0,0,2021-07-18 08:36:47.865692+00:311
South Australia,Iron Knob,36,0,0,0,0,0,0,0,0,0,0,2021-07-18 08:36:47.865692+00:312
South Australia,Ironbank,62,0,0,0,0,0,0,0,0,0,0,2021-07-18 08:36:47.865692+00:313
South Australia,Island Beach,37,0,0,0,0,0,0,0,0,0,0,2021-07-18 08:36:47.865692+00:314
South Australia,James Well,50,0,0,0,0,0,0,0,0,0,0,2021-07-18 08:36:47.865692+00:315
South Australia,Jamestown,43,0,0,0,0,0,0,0,0,0,0,2021-07-18 08:36:47.865692+00:316
South Australia,Jerusalem,41,0,0,0,0,0,0,0,0,0,0,2021-07-18 08:36:47.865692+00:317
South Australia,Joanna,59,0,0,0,0,0,0,0,0,0,0,2021-07-18 08:36:47.865692+00:318
South Australia,Joslin,48,0,0,0,0,0,0,0,0,0,0,2021-07-18 08:36:47.865692+00:319
South Australia,Jupiter Creek,41,0,0,0,0,0,0,0,0,0,0,2021-07-18 08:36:47.865692+00:320
South Australia,Kadina,59,0,0,0,0,0,0,0,0,0,0,2021-07-18 08:36:47.865692+00:321
South Australia,Kalangadoo,52,0,0,0,0,0,0,0,0,0,0,2021-07-18 08:36:47.865692+00:322
South Australia,Kalbeeba,38,0,0,0,0,0,0,0,0,0,0,2021-07-18 08:36:47.865692+00:323
South Australia,Kangarilla,62,0,0,0,0,0,0,0,0,0,0,2021-07-18 08:36:47.865692+00:324
South Australia,Kanmantoo,40,0,0,0,0,0,0,0,0,0,0,2021-07-18 08:36:47.865692+00:325
South Australia,Kapunda,62,0,0,0,0,0,0,0,0,0,0,2021-07-18 08:36:47.865692+00:326
South Australia,Karoonda,48,0,0,0,0,0,0,0,0,0,0,2021-07-18 08:36:47.865692+00:327
South Australia,Katarapko,55,0,0,0,0,0,0,0,0,0,0,2021-07-18 08:36:47.865692+00:328
South Australia,Keilira,61,0,0,0,0,0,0,0,0,0,0,2021-07-18 08:36:47.865692+00:329
South Australia,Keith,62,0,0,0,0,0,0,0,0,0,0,2021-07-18 08:36:47.865692+00:330
South Australia,Kelly,55,0,0,0,0,0,0,0,0,0,0,2021-07-18 08:36:47.865692+00:331
South Australia,Kensington ,46,0,0,0,0,0,0,0,0,0,0,2021-07-18 08:36:47.865692+00:332
South Australia,Kensington Gardens,56,0,0,0,0,0,0,0,0,0,0,2021-07-18 08:36:47.865692+00:333
South Australia,Kensington Park,52,0,0,0,0,0,0,0,0,0,0,2021-07-18 08:36:47.865692+00:334
South Australia,Kent Town,50,0,0,0,0,0,0,0,0,0,0,2021-07-18 08:36:47.865692+00:335
South Australia,Kersbrook,57,0,0,0,0,0,0,0,0,0,0,2021-07-18 08:36:47.865692+00:336
South Australia,Keswick,61,0,0,0,0,0,0,0,0,0,0,2021-07-18 08:36:47.865692+00:337
South Australia,Keyneton,59,0,0,0,0,0,0,0,0,0,0,2021-07-18 08:36:47.865692+00:338
South Australia,Kidman Park,39,0,0,0,0,0,0,0,0,0,0,2021-07-18 08:36:47.865692+00:339
South Australia,Kilburn,49,0,0,0,0,0,0,0,0,0,0,2021-07-18 08:36:47.865692+00:340
South Australia,Kilkenny,38,0,0,0,0,0,0,0,0,0,0,2021-07-18 08:36:47.865692+00:341
South Australia,Kimba,58,0,0,0,0,0,0,0,0,0,0,2021-07-18 08:36:47.865692+00:342
South Australia,Kings Park ,52,0,0,0,0,0,0,0,0,0,0,2021-07-18 08:36:47.865692+00:343
South Australia,Kingscote,46,0,0,0,0,0,0,0,0,0,0,2021-07-18 08:36:47.865692+00:344
South Australia,Kingston On Murray,36,0,0,0,0,0,0,0,0,0,0,2021-07-18 08:36:47.865692+00:345
South Australia,Kingston Park,42,0,0,0,0,0,0,0,0,0,0,2021-07-18 08:36:47.865692+00:346
South Australia,Kingston SE,41,0,0,0,0,0,0,0,0,0,0,2021-07-18 08:36:47.865692+00:347
South Australia,Kingswood ,45,0,0,0,0,0,0,0,0,0,0,2021-07-18 08:36:47.865692+00:348
South Australia,Klemzig,50,0,0,0,0,0,0,0,0,0,0,2021-07-18 08:36:47.865692+00:349
South Australia,Kongorong,54,0,0,0,0,0,0,0,0,0,0,2021-07-18 08:36:47.865692+00:350
South Australia,Koonibba,36,0,0,0,0,0,0,0,0,0,0,2021-07-18 08:36:47.865692+00:351
South Australia,Korunye,37,0,0,0,0,0,0,0,0,0,0,2021-07-18 08:36:47.865692+00:352
South Australia,Kudla,60,0,0,0,0,0,0,0,0,0,0,2021-07-18 08:36:47.865692+00:353
South Australia,Kuitpo,50,0,0,0,0,0,0,0,0,0,0,2021-07-18 08:36:47.865692+00:354
South Australia,Kurralta Park,39,0,0,0,0,0,0,0,0,0,0,2021-07-18 08:36:47.865692+00:355
South Australia,Lameroo,47,0,0,0,0,0,0,0,0,0,0,2021-07-18 08:36:47.865692+00:356
South Australia,Langhorne Creek,41,0,0,0,0,0,0,0,0,0,0,2021-07-18 08:36:47.865692+00:357
South Australia,Largs Bay,43,0,0,0,0,0,0,0,0,0,0,2021-07-18 08:36:47.865692+00:358
South Australia,Largs North,43,0,0,0,0,0,0,0,0,0,0,2021-07-18 08:36:47.865692+00:359
South Australia,Laura ,61,0,0,0,0,0,0,0,0,0,0,2021-07-18 08:36:47.865692+00:360
South Australia,Leabrook,48,0,0,0,0,0,0,0,0,0,0,2021-07-18 08:36:47.865692+00:361
South Australia,Leigh Creek ,56,0,0,0,0,0,0,0,0,0,0,2021-07-18 08:36:47.865692+00:362
South Australia,Lenswood,55,0,0,0,0,0,0,0,0,0,0,2021-07-18 08:36:47.865692+00:363
South Australia,Lewiston,45,0,0,0,0,0,0,0,0,0,0,2021-07-18 08:36:47.865692+00:364
South Australia,Light Pass,47,0,0,0,0,0,0,0,0,0,0,2021-07-18 08:36:47.865692+00:365
South Australia,Lincoln National Park,40,0,0,0,0,0,0,0,0,0,0,2021-07-18 08:36:47.865692+00:366
South Australia,Linden Park,53,0,0,0,0,0,0,0,0,0,0,2021-07-18 08:36:47.865692+00:367
South Australia,Lipson,38,0,0,0,0,0,0,0,0,0,0,2021-07-18 08:36:47.865692+00:368
South Australia,Littlehampton,53,0,0,0,0,0,0,0,0,0,0,2021-07-18 08:36:47.865692+00:369
South Australia,Lobethal,37,0,0,0,0,0,0,0,0,0,0,2021-07-18 08:36:47.865692+00:370
South Australia,Lochaber,60,0,0,0,0,0,0,0,0,0,0,2021-07-18 08:36:47.865692+00:371
South Australia,Lochiel ,52,0,0,0,0,0,0,0,0,0,0,2021-07-18 08:36:47.865692+00:372
South Australia,Lock,37,0,0,0,0,0,0,0,0,0,0,2021-07-18 08:36:47.865692+00:373
South Australia,Lockleys,54,0,0,0,0,0,0,0,0,0,0,2021-07-18 08:36:47.865692+00:374
South Australia,Longwood ,60,0,0,0,0,0,0,0,0,0,0,2021-07-18 08:36:47.865692+00:375
South Australia,Lonsdale,62,0,0,0,0,0,0,0,0,0,0,2021-07-18 08:36:47.865692+00:376
South Australia,Louth Bay,60,0,0,0,0,0,0,0,0,0,0,2021-07-18 08:36:47.865692+00:377
South Australia,Loveday,58,0,0,0,0,0,0,0,0,0,0,2021-07-18 08:36:47.865692+00:378
South Australia,Lower Inman Valley,48,0,0,0,0,0,0,0,0,0,0,2021-07-18 08:36:47.865692+00:379
South Australia,Lower Light,39,0,0,0,0,0,0,0,0,0,0,2021-07-18 08:36:47.865692+00:380
South Australia,Lower Mitcham,36,0,0,0,0,0,0,0,0,0,0,2021-07-18 08:36:47.865692+00:381
South Australia,Loxton,61,0,0,0,0,0,0,0,0,0,0,2021-07-18 08:36:47.865692+00:382
South Australia,Loxton North,45,0,0,0,0,0,0,0,0,0,0,2021-07-18 08:36:47.865692+00:383
South Australia,Lucindale,46,0,0,0,0,0,0,0,0,0,0,2021-07-18 08:36:47.865692+00:384
South Australia,Lyndoch,52,0,0,0,0,0,0,0,0,0,0,2021-07-18 08:36:47.865692+00:385
South Australia,Lynton,41,0,0,0,0,0,0,0,0,0,0,2021-07-18 08:36:47.865692+00:386
South Australia,Lyrup,44,0,0,0,0,0,0,0,0,0,0,2021-07-18 08:36:47.865692+00:387
South Australia,Macclesfield ,50,0,0,0,0,0,0,0,0,0,0,2021-07-18 08:36:47.865692+00:388
South Australia,Macdonald Park,46,0,0,0,0,0,0,0,0,0,0,2021-07-18 08:36:47.865692+00:389
South Australia,Magill,60,0,0,0,0,0,0,0,0,0,0,2021-07-18 08:36:47.865692+00:390
South Australia,Maitland ,53,0,0,0,0,0,0,0,0,0,0,2021-07-18 08:36:47.865692+00:391
South Australia,Mallala,47,0,0,0,0,0,0,0,0,0,0,2021-07-18 08:36:47.865692+00:392
South Australia,Malvern ,36,0,0,0,0,0,0,0,0,0,0,2021-07-18 08:36:47.865692+00:393
South Australia,Mannanarie,49,0,0,0,0,0,0,0,0,0,0,2021-07-18 08:36:47.865692+00:394
South Australia,Manningham,53,0,0,0,0,0,0,0,0,0,0,2021-07-18 08:36:47.865692+00:395
South Australia,Mannum,41,0,0,0,0,0,0,0,0,0,0,2021-07-18 08:36:47.865692+00:396
South Australia,Manoora ,38,0,0,0,0,0,0,0,0,0,0,2021-07-18 08:36:47.865692+00:397
South Australia,Mansfield Park,49,0,0,0,0,0,0,0,0,0,0,2021-07-18 08:36:47.865692+00:398
South Australia,Marama,38,0,0,0,0,0,0,0,0,0,0,2021-07-18 08:36:47.865692+00:399
South Australia,Marananga,37,0,0,0,0,0,0,0,0,0,0,2021-07-18 08:36:47.865692+00:400
South Australia,Marden,48,0,0,0,0,0,0,0,0,0,0,2021-07-18 08:36:47.865692+00:401
South Australia,Marino,57,0,0,0,0,0,0,0,0,0,0,2021-07-18 08:36:47.865692+00:402
South Australia,Marion,60,0,0,0,0,0,0,0,0,0,0,2021-07-18 08:36:47.865692+00:403
South Australia,Marion Bay ,42,0,0,0,0,0,0,0,0,0,0,2021-07-18 08:36:47.865692+00:404
South Australia,Marks Landing,59,0,0,0,0,0,0,0,0,0,0,2021-07-18 08:36:47.865692+00:405
South Australia,Marleston,42,0,0,0,0,0,0,0,0,0,0,2021-07-18 08:36:47.865692+00:406
South Australia,Marrabel,52,0,0,0,0,0,0,0,0,0,0,2021-07-18 08:36:47.865692+00:407
South Australia,Marree,42,0,0,0,0,0,0,0,0,0,0,2021-07-18 08:36:47.865692+00:408
South Australia,Marryatville,44,0,0,0,0,0,0,0,0,0,0,2021-07-18 08:36:47.865692+00:409
South Australia,Maslin Beach,41,0,0,0,0,0,0,0,0,0,0,2021-07-18 08:36:47.865692+00:410
South Australia,Mawson Lakes,36,0,0,0,0,0,0,0,0,0,0,2021-07-18 08:36:47.865692+00:411
South Australia,Maylands ,48,0,0,0,0,0,0,0,0,0,0,2021-07-18 08:36:47.865692+00:412
South Australia,McCracken,40,0,0,0,0,0,0,0,0,0,0,2021-07-18 08:36:47.865692+00:413
South Australia,McLaren Flat,56,0,0,0,0,0,0,0,0,0,0,2021-07-18 08:36:47.865692+00:414
South Australia,McLaren Vale,61,0,0,0,0,0,0,0,0,0,0,2021-07-18 08:36:47.865692+00:415
South Australia,Meadows,51,0,0,0,0,0,0,0,0,0,0,2021-07-18 08:36:47.865692+00:416
South Australia,Medindie,62,0,0,0,0,0,0,0,0,0,0,2021-07-18 08:36:47.865692+00:417
South Australia,Medindie Gardens,51,0,0,0,0,0,0,0,0,0,0,2021-07-18 08:36:47.865692+00:418
South Australia,Melrose ,45,0,0,0,0,0,0,0,0,0,0,2021-07-18 08:36:47.865692+00:419
South Australia,Melrose Park ,39,0,0,0,0,0,0,0,0,0,0,2021-07-18 08:36:47.865692+00:420
South Australia,Meningie,40,0,0,0,0,0,0,0,0,0,0,2021-07-18 08:36:47.865692+00:421
South Australia,Menzies ,52,0,0,0,0,0,0,0,0,0,0,2021-07-18 08:36:47.865692+00:422
South Australia,Middleton ,50,0,0,0,0,0,0,0,0,0,0,2021-07-18 08:36:47.865692+00:423
South Australia,Mil-Lel,37,0,0,0,0,0,0,0,0,0,0,2021-07-18 08:36:47.865692+00:424
South Australia,Milang,62,0,0,0,0,0,0,0,0,0,0,2021-07-18 08:36:47.865692+00:425
South Australia,Mile End,38,0,0,0,0,0,0,0,0,0,0,2021-07-18 08:36:47.865692+00:426
South Australia,Mile End South,48,0,0,0,0,0,0,0,0,0,0,2021-07-18 08:36:47.865692+00:427
South Australia,Millicent,36,0,0,0,0,0,0,0,0,0,0,2021-07-18 08:36:47.865692+00:428
South Australia,Millswood,53,0,0,0,0,0,0,0,0,0,0,2021-07-18 08:36:47.865692+00:429
South Australia,Mingbool,60,0,0,0,0,0,0,0,0,0,0,2021-07-18 08:36:47.865692+00:430
South Australia,Minlaton,52,0,0,0,0,0,0,0,0,0,0,2021-07-18 08:36:47.865692+00:431
South Australia,Minnipa,55,0,0,0,0,0,0,0,0,0,0,2021-07-18 08:36:47.865692+00:432
South Australia,Mintaro,57,0,0,0,0,0,0,0,0,0,0,2021-07-18 08:36:47.865692+00:433
South Australia,Miranda ,59,0,0,0,0,0,0,0,0,0,0,2021-07-18 08:36:47.865692+00:434
South Australia,Mitcham ,39,0,0,0,0,0,0,0,0,0,0,2021-07-18 08:36:47.865692+00:435
South Australia,Mitchell Park ,55,0,0,0,0,0,0,0,0,0,0,2021-07-18 08:36:47.865692+00:436
South Australia,Moana,36,0,0,0,0,0,0,0,0,0,0,2021-07-18 08:36:47.865692+00:437
South Australia,Moculta,48,0,0,0,0,0,0,0,0,0,0,2021-07-18 08:36:47.865692+00:438
South Australia,Modbury,37,0,0,0,0,0,0,0,0,0,0,2021-07-18 08:36:47.865692+00:439
South Australia,Modbury Heights,52,0,0,0,0,0,0,0,0,0,0,2021-07-18 08:36:47.865692+00:440
South Australia,Modbury North,45,0,0,0,0,0,0,0,0,0,0,2021-07-18 08:36:47.865692+00:441
South Australia,Monarto,59,0,0,0,0,0,0,0,0,0,0,2021-07-18 08:36:47.865692+00:442
South Australia,Monarto South,51,0,0,0,0,0,0,0,0,0,0,2021-07-18 08:36:47.865692+00:443
South Australia,Monash ,62,0,0,0,0,0,0,0,0,0,0,2021-07-18 08:36:47.865692+00:444
South Australia,Montacute,55,0,0,0,0,0,0,0,0,0,0,2021-07-18 08:36:47.865692+00:445
South Australia,Moonta,46,0,0,0,0,0,0,0,0,0,0,2021-07-18 08:36:47.865692+00:446
South Australia,Moonta Bay,50,0,0,0,0,0,0,0,0,0,0,2021-07-18 08:36:47.865692+00:447
South Australia,Moonta Mines,46,0,0,0,0,0,0,0,0,0,0,2021-07-18 08:36:47.865692+00:448
South Australia,Moorak,54,0,0,0,0,0,0,0,0,0,0,2021-07-18 08:36:47.865692+00:449
South Australia,Moorook South,56,0,0,0,0,0,0,0,0,0,0,2021-07-18 08:36:47.865692+00:450
South Australia,Moppa,60,0,0,0,0,0,0,0,0,0,0,2021-07-18 08:36:47.865692+00:451
South Australia,Morgan,55,0,0,0,0,0,0,0,0,0,0,2021-07-18 08:36:47.865692+00:452
South Australia,Morphett Vale,48,0,0,0,0,0,0,0,0,0,0,2021-07-18 08:36:47.865692+00:453
South Australia,Morphettville,41,0,0,0,0,0,0,0,0,0,0,2021-07-18 08:36:47.865692+00:454
South Australia,Mount Barker ,39,0,0,0,0,0,0,0,0,0,0,2021-07-18 08:36:47.865692+00:455
South Australia,Mount Barker Springs,47,0,0,0,0,0,0,0,0,0,0,2021-07-18 08:36:47.865692+00:456
South Australia,Mount Burr,47,0,0,0,0,0,0,0,0,0,0,2021-07-18 08:36:47.865692+00:457
South Australia,Mount Compass,51,0,0,0,0,0,0,0,0,0,0,2021-07-18 08:36:47.865692+00:458
South Australia,Mount Crawford,55,0,0,0,0,0,0,0,0,0,0,2021-07-18 08:36:47.865692+00:459
South Australia,Mount Gambier,58,0,0,0,0,0,0,0,0,0,0,2021-07-18 08:36:47.865692+00:460
South Australia,Mount George ,44,0,0,0,0,0,0,0,0,0,0,2021-07-18 08:36:47.865692+00:461
South Australia,Mount Osmond,56,0,0,0,0,0,0,0,0,0,0,2021-07-18 08:36:47.865692+00:462
South Australia,Mount Pleasant ,53,0,0,0,0,0,0,0,0,0,0,2021-07-18 08:36:47.865692+00:463
South Australia,Mount Schank,55,0,0,0,0,0,0,0,0,0,0,2021-07-18 08:36:47.865692+00:464
South Australia,Mount Torrens,53,0,0,0,0,0,0,0,0,0,0,2021-07-18 08:36:47.865692+00:465
South Australia,Mullaquana,51,0,0,0,0,0,0,0,0,0,0,2021-07-18 08:36:47.865692+00:466
South Australia,Mundulla,41,0,0,0,0,0,0,0,0,0,0,2021-07-18 08:36:47.865692+00:467
South Australia,Munno Para,62,0,0,0,0,0,0,0,0,0,0,2021-07-18 08:36:47.865692+00:468
South Australia,Munno Para Downs,52,0,0,0,0,0,0,0,0,0,0,2021-07-18 08:36:47.865692+00:469
South Australia,Munno Para West,58,0,0,0,0,0,0,0,0,0,0,2021-07-18 08:36:47.865692+00:470
South Australia,Murray Bridge,58,0,0,0,0,0,0,0,0,0,0,2021-07-18 08:36:47.865692+00:471
South Australia,Murray Bridge East,43,0,0,0,0,0,0,0,0,0,0,2021-07-18 08:36:47.865692+00:472
South Australia,Murtho,50,0,0,0,0,0,0,0,0,0,0,2021-07-18 08:36:47.865692+00:473
South Australia,Mylor,53,0,0,0,0,0,0,0,0,0,0,2021-07-18 08:36:47.865692+00:474
South Australia,Mypolonga,55,0,0,0,0,0,0,0,0,0,0,2021-07-18 08:36:47.865692+00:475
South Australia,Myponga,60,0,0,0,0,0,0,0,0,0,0,2021-07-18 08:36:47.865692+00:476
South Australia,Myrtle Bank ,44,0,0,0,0,0,0,0,0,0,0,2021-07-18 08:36:47.865692+00:477
South Australia,Nailsworth,38,0,0,0,0,0,0,0,0,0,0,2021-07-18 08:36:47.865692+00:478
South Australia,Nairne,52,0,0,0,0,0,0,0,0,0,0,2021-07-18 08:36:47.865692+00:479
South Australia,Nangwarry,40,0,0,0,0,0,0,0,0,0,0,2021-07-18 08:36:47.865692+00:480
South Australia,Napperby,51,0,0,0,0,0,0,0,0,0,0,2021-07-18 08:36:47.865692+00:481
South Australia,Naracoorte,36,0,0,0,0,0,0,0,0,0,0,2021-07-18 08:36:47.865692+00:482
South Australia,Narrung ,39,0,0,0,0,0,0,0,0,0,0,2021-07-18 08:36:47.865692+00:483
South Australia,Nelshaby,49,0,0,0,0,0,0,0,0,0,0,2021-07-18 08:36:47.865692+00:484
South Australia,Nene Valley,39,0,0,0,0,0,0,0,0,0,0,2021-07-18 08:36:47.865692+00:485
South Australia,Nepabunna,53,0,0,0,0,0,0,0,0,0,0,2021-07-18 08:36:47.865692+00:486
South Australia,Nepean Bay,56,0,0,0,0,0,0,0,0,0,0,2021-07-18 08:36:47.865692+00:487
South Australia,Netherby ,60,0,0,0,0,0,0,0,0,0,0,2021-07-18 08:36:47.865692+00:488
South Australia,Netley,47,0,0,0,0,0,0,0,0,0,0,2021-07-18 08:36:47.865692+00:489
South Australia,New Port,57,0,0,0,0,0,0,0,0,0,0,2021-07-18 08:36:47.865692+00:490
South Australia,New Residence,47,0,0,0,0,0,0,0,0,0,0,2021-07-18 08:36:47.865692+00:491
South Australia,New Town ,54,0,0,0,0,0,0,0,0,0,0,2021-07-18 08:36:47.865692+00:492
South Australia,Newton,39,0,0,0,0,0,0,0,0,0,0,2021-07-18 08:36:47.865692+00:493
South Australia,Ngarkat,50,0,0,0,0,0,0,0,0,0,0,2021-07-18 08:36:47.865692+00:494
South Australia,Nildottie,37,0,0,0,0,0,0,0,0,0,0,2021-07-18 08:36:47.865692+00:495
South Australia,Ninnes,61,0,0,0,0,0,0,0,0,0,0,2021-07-18 08:36:47.865692+00:496
South Australia,Noarlunga Centre,43,0,0,0,0,0,0,0,0,0,0,2021-07-18 08:36:47.865692+00:497
South Australia,Noarlunga Downs,49,0,0,0,0,0,0,0,0,0,0,2021-07-18 08:36:47.865692+00:498
South Australia,Nora Creina,42,0,0,0,0,0,0,0,0,0,0,2021-07-18 08:36:47.865692+00:499
South Australia,Normanville ,62,0,0,0,0,0,0,0,0,0,0,2021-07-18 08:36:47.865692+00:500
South Australia,North Adelaide,57,0,0,0,0,0,0,0,0,0,0,2021-07-18 08:36:47.865692+00:501
South Australia,North Beach ,48,0,0,0,0,0,0,0,0,0,0,2021-07-18 08:36:47.865692+00:502
South Australia,North Brighton,58,0,0,0,0,0,0,0,0,0,0,2021-07-18 08:36:47.865692+00:503
South Australia,North Haven ,53,0,0,0,0,0,0,0,0,0,0,2021-07-18 08:36:47.865692+00:504
South Australia,North Moonta,58,0,0,0,0,0,0,0,0,0,0,2021-07-18 08:36:47.865692+00:505
South Australia,North Plympton,36,0,0,0,0,0,0,0,0,0,0,2021-07-18 08:36:47.865692+00:506
South Australia,North Shields,43,0,0,0,0,0,0,0,0,0,0,2021-07-18 08:36:47.865692+00:507
South Australia,Northern Heights,55,0,0,0,0,0,0,0,0,0,0,2021-07-18 08:36:47.865692+00:508
South Australia,Northfield,52,0,0,0,0,0,0,0,0,0,0,2021-07-18 08:36:47.865692+00:509
South Australia,Northgate ,39,0,0,0,0,0,0,0,0,0,0,2021-07-18 08:36:47.865692+00:510
South Australia,Norton Summit,51,0,0,0,0,0,0,0,0,0,0,2021-07-18 08:36:47.865692+00:511
South Australia,Norwood ,40,0,0,0,0,0,0,0,0,0,0,2021-07-18 08:36:47.865692+00:512
South Australia,Novar Gardens,61,0,0,0,0,0,0,0,0,0,0,2021-07-18 08:36:47.865692+00:513
South Australia,Nuriootpa,40,0,0,0,0,0,0,0,0,0,0,2021-07-18 08:36:47.865692+00:514
South Australia,O'Halloran Hill,53,0,0,0,0,0,0,0,0,0,0,2021-07-18 08:36:47.865692+00:515
South Australia,O'Sullivan Beach,48,0,0,0,0,0,0,0,0,0,0,2021-07-18 08:36:47.865692+00:516
South Australia,Oakbank,38,0,0,0,0,0,0,0,0,0,0,2021-07-18 08:36:47.865692+00:517
South Australia,Oakden,42,0,0,0,0,0,0,0,0,0,0,2021-07-18 08:36:47.865692+00:518
South Australia,Oaklands Park,53,0,0,0,0,0,0,0,0,0,0,2021-07-18 08:36:47.865692+00:519
South Australia,Ob Flat,51,0,0,0,0,0,0,0,0,0,0,2021-07-18 08:36:47.865692+00:520
South Australia,Old Calperum,56,0,0,0,0,0,0,0,0,0,0,2021-07-18 08:36:47.865692+00:521
South Australia,Old Noarlunga,52,0,0,0,0,0,0,0,0,0,0,2021-07-18 08:36:47.865692+00:522
South Australia,Old Reynella,41,0,0,0,0,0,0,0,0,0,0,2021-07-18 08:36:47.865692+00:523
South Australia,Olympic Dam,61,0,0,0,0,0,0,0,0,0,0,2021-07-18 08:36:47.865692+00:524
South Australia,One Tree Hill,45,0,0,0,0,0,0,0,0,0,0,2021-07-18 08:36:47.865692+00:525
South Australia,Onkaparinga Hills,36,0,0,0,0,0,0,0,0,0,0,2021-07-18 08:36:47.865692+00:526
South Australia,Oodnadatta,48,0,0,0,0,0,0,0,0,0,0,2021-07-18 08:36:47.865692+00:527
South Australia,Orroroo,36,0,0,0,0,0,0,0,0,0,0,2021-07-18 08:36:47.865692+00:528
South Australia,Osborne ,61,0,0,0,0,0,0,0,0,0,0,2021-07-18 08:36:47.865692+00:529
South Australia,Ottoway,39,0,0,0,0,0,0,0,0,0,0,2021-07-18 08:36:47.865692+00:530
South Australia,Outer Harbor,58,0,0,0,0,0,0,0,0,0,0,2021-07-18 08:36:47.865692+00:531
South Australia,Ovingham,57,0,0,0,0,0,0,0,0,0,0,2021-07-18 08:36:47.865692+00:532
South Australia,Owen,48,0,0,0,0,0,0,0,0,0,0,2021-07-18 08:36:47.865692+00:533
South Australia,Padthaway,48,0,0,0,0,0,0,0,0,0,0,2021-07-18 08:36:47.865692+00:534
South Australia,Paechtown,59,0,0,0,0,0,0,0,0,0,0,2021-07-18 08:36:47.865692+00:535
South Australia,Paisley,47,0,0,0,0,0,0,0,0,0,0,2021-07-18 08:36:47.865692+00:536
South Australia,Palmer ,42,0,0,0,0,0,0,0,0,0,0,2021-07-18 08:36:47.865692+00:537
South Australia,Panorama,58,0,0,0,0,0,0,0,0,0,0,2021-07-18 08:36:47.865692+00:538
South Australia,Para Hills,60,0,0,0,0,0,0,0,0,0,0,2021-07-18 08:36:47.865692+00:539
South Australia,Para Hills West,40,0,0,0,0,0,0,0,0,0,0,2021-07-18 08:36:47.865692+00:540
South Australia,Para Vista,41,0,0,0,0,0,0,0,0,0,0,2021-07-18 08:36:47.865692+00:541
South Australia,Paracombe,47,0,0,0,0,0,0,0,0,0,0,2021-07-18 08:36:47.865692+00:542
South Australia,Paradise ,60,0,0,0,0,0,0,0,0,0,0,2021-07-18 08:36:47.865692+00:543
South Australia,Parafield,60,0,0,0,0,0,0,0,0,0,0,2021-07-18 08:36:47.865692+00:544
South Australia,Parafield Gardens,60,0,0,0,0,0,0,0,0,0,0,2021-07-18 08:36:47.865692+00:545
South Australia,Paralowie,62,0,0,0,0,0,0,0,0,0,0,2021-07-18 08:36:47.865692+00:546
South Australia,Parham,39,0,0,0,0,0,0,0,0,0,0,2021-07-18 08:36:47.865692+00:547
South Australia,Parilla,43,0,0,0,0,0,0,0,0,0,0,2021-07-18 08:36:47.865692+00:548
South Australia,Paringa,50,0,0,0,0,0,0,0,0,0,0,2021-07-18 08:36:47.865692+00:549
South Australia,Paris Creek,47,0,0,0,0,0,0,0,0,0,0,2021-07-18 08:36:47.865692+00:550
South Australia,Park Holme,60,0,0,0,0,0,0,0,0,0,0,2021-07-18 08:36:47.865692+00:551
South Australia,Parkside ,58,0,0,0,0,0,0,0,0,0,0,2021-07-18 08:36:47.865692+00:552
South Australia,Parndana,39,0,0,0,0,0,0,0,0,0,0,2021-07-18 08:36:47.865692+00:553
South Australia,Parrakie,42,0,0,0,0,0,0,0,0,0,0,2021-07-18 08:36:47.865692+00:554
South Australia,Paruna,41,0,0,0,0,0,0,0,0,0,0,2021-07-18 08:36:47.865692+00:555
South Australia,Pasadena,41,0,0,0,0,0,0,0,0,0,0,2021-07-18 08:36:47.865692+00:556
South Australia,Paskeville,60,0,0,0,0,0,0,0,0,0,0,2021-07-18 08:36:47.865692+00:557
South Australia,Payneham,56,0,0,0,0,0,0,0,0,0,0,2021-07-18 08:36:47.865692+00:558
South Australia,Payneham South,42,0,0,0,0,0,0,0,0,0,0,2021-07-18 08:36:47.865692+00:559
South Australia,Peake,43,0,0,0,0,0,0,0,0,0,0,2021-07-18 08:36:47.865692+00:560
South Australia,Pekina,58,0,0,0,0,0,0,0,0,0,0,2021-07-18 08:36:47.865692+00:561
South Australia,Penfield,49,0,0,0,0,0,0,0,0,0,0,2021-07-18 08:36:47.865692+00:562
South Australia,Penfield Gardens,37,0,0,0,0,0,0,0,0,0,0,2021-07-18 08:36:47.865692+00:563
South Australia,Penneshaw,38,0,0,0,0,0,0,0,0,0,0,2021-07-18 08:36:47.865692+00:564
South Australia,Pennington,45,0,0,0,0,0,0,0,0,0,0,2021-07-18 08:36:47.865692+00:565
South Australia,Penola,59,0,0,0,0,0,0,0,0,0,0,2021-07-18 08:36:47.865692+00:566
South Australia,Penong,54,0,0,0,0,0,0,0,0,0,0,2021-07-18 08:36:47.865692+00:567
South Australia,Penrice,62,0,0,0,0,0,0,0,0,0,0,2021-07-18 08:36:47.865692+00:568
South Australia,Perlubie,54,0,0,0,0,0,0,0,0,0,0,2021-07-18 08:36:47.865692+00:569
South Australia,Peterborough ,53,0,0,0,0,0,0,0,0,0,0,2021-07-18 08:36:47.865692+00:570
South Australia,Peterhead,48,0,0,0,0,0,0,0,0,0,0,2021-07-18 08:36:47.865692+00:571
South Australia,Piccadilly ,45,0,0,0,0,0,0,0,0,0,0,2021-07-18 08:36:47.865692+00:572
South Australia,Pinks Beach,60,0,0,0,0,0,0,0,0,0,0,2021-07-18 08:36:47.865692+00:573
South Australia,Pinnaroo,55,0,0,0,0,0,0,0,0,0,0,2021-07-18 08:36:47.865692+00:574
South Australia,Plympton,57,0,0,0,0,0,0,0,0,0,0,2021-07-18 08:36:47.865692+00:575
South Australia,Plympton Park,51,0,0,0,0,0,0,0,0,0,0,2021-07-18 08:36:47.865692+00:576
South Australia,Point Lowly,58,0,0,0,0,0,0,0,0,0,0,2021-07-18 08:36:47.865692+00:577
South Australia,Point Pearce,58,0,0,0,0,0,0,0,0,0,0,2021-07-18 08:36:47.865692+00:578
South Australia,Point Turton,50,0,0,0,0,0,0,0,0,0,0,2021-07-18 08:36:47.865692+00:579
South Australia,Pooraka,61,0,0,0,0,0,0,0,0,0,0,2021-07-18 08:36:47.865692+00:580
South Australia,Port Adelaide,43,0,0,0,0,0,0,0,0,0,0,2021-07-18 08:36:47.865692+00:581
South Australia,Port Augusta,43,0,0,0,0,0,0,0,0,0,0,2021-07-18 08:36:47.865692+00:582
South Australia,Port Augusta West,52,0,0,0,0,0,0,0,0,0,0,2021-07-18 08:36:47.865692+00:583
South Australia,Port Broughton,60,0,0,0,0,0,0,0,0,0,0,2021-07-18 08:36:47.865692+00:584
South Australia,Port Elliot,38,0,0,0,0,0,0,0,0,0,0,2021-07-18 08:36:47.865692+00:585
South Australia,Port Flinders,36,0,0,0,0,0,0,0,0,0,0,2021-07-18 08:36:47.865692+00:586
South Australia,Port Germein,42,0,0,0,0,0,0,0,0,0,0,2021-07-18 08:36:47.865692+00:587
South Australia,Port Hughes,61,0,0,0,0,0,0,0,0,0,0,2021-07-18 08:36:47.865692+00:588
South Australia,Port Lincoln,61,0,0,0,0,0,0,0,0,0,0,2021-07-18 08:36:47.865692+00:589
South Australia,Port Macdonnell,48,0,0,0,0,0,0,0,0,0,0,2021-07-18 08:36:47.865692+00:590
South Australia,Port Mannum,44,0,0,0,0,0,0,0,0,0,0,2021-07-18 08:36:47.865692+00:591
South Australia,Port Moorowie,44,0,0,0,0,0,0,0,0,0,0,2021-07-18 08:36:47.865692+00:592
South Australia,Port Neill,59,0,0,0,0,0,0,0,0,0,0,2021-07-18 08:36:47.865692+00:593
South Australia,Port Noarlunga,48,0,0,0,0,0,0,0,0,0,0,2021-07-18 08:36:47.865692+00:594
South Australia,Port Noarlunga South,38,0,0,0,0,0,0,0,0,0,0,2021-07-18 08:36:47.865692+00:595
South Australia,Port Paterson,47,0,0,0,0,0,0,0,0,0,0,2021-07-18 08:36:47.865692+00:596
South Australia,Port Pirie,44,0,0,0,0,0,0,0,0,0,0,2021-07-18 08:36:47.865692+00:597
South Australia,Port Pirie South,57,0,0,0,0,0,0,0,0,0,0,2021-07-18 08:36:47.865692+00:598
South Australia,Port Pirie West,59,0,0,0,0,0,0,0,0,0,0,2021-07-18 08:36:47.865692+00:599
South Australia,Port Victoria,49,0,0,0,0,0,0,0,0,0,0,2021-07-18 08:36:47.865692+00:600
South Australia,Port Vincent,57,0,0,0,0,0,0,0,0,0,0,2021-07-18 08:36:47.865692+00:601
South Australia,Port Wakefield,40,0,0,0,0,0,0,0,0,0,0,2021-07-18 08:36:47.865692+00:602
South Australia,Port Willunga,45,0,0,0,0,0,0,0,0,0,0,2021-07-18 08:36:47.865692+00:603
South Australia,Price,44,0,0,0,0,0,0,0,0,0,0,2021-07-18 08:36:47.865692+00:604
South Australia,Prospect ,43,0,0,0,0,0,0,0,0,0,0,2021-07-18 08:36:47.865692+00:605
South Australia,Prospect Hill,61,0,0,0,0,0,0,0,0,0,0,2021-07-18 08:36:47.865692+00:606
South Australia,Punyelroo,60,0,0,0,0,0,0,0,0,0,0,2021-07-18 08:36:47.865692+00:607
South Australia,Queenstown ,53,0,0,0,0,0,0,0,0,0,0,2021-07-18 08:36:47.865692+00:608
South Australia,Quorn,61,0,0,0,0,0,0,0,0,0,0,2021-07-18 08:36:47.865692+00:609
South Australia,Redbanks,47,0,0,0,0,0,0,0,0,0,0,2021-07-18 08:36:47.865692+00:610
South Australia,Redhill,55,0,0,0,0,0,0,0,0,0,0,2021-07-18 08:36:47.865692+00:611
South Australia,Redwood Park,41,0,0,0,0,0,0,0,0,0,0,2021-07-18 08:36:47.865692+00:612
South Australia,Regency Park,47,0,0,0,0,0,0,0,0,0,0,2021-07-18 08:36:47.865692+00:613
South Australia,Renmark,50,0,0,0,0,0,0,0,0,0,0,2021-07-18 08:36:47.865692+00:614
South Australia,Renmark North,47,0,0,0,0,0,0,0,0,0,0,2021-07-18 08:36:47.865692+00:615
South Australia,Renmark South,50,0,0,0,0,0,0,0,0,0,0,2021-07-18 08:36:47.865692+00:616
South Australia,Renmark West,53,0,0,0,0,0,0,0,0,0,0,2021-07-18 08:36:47.865692+00:617
South Australia,Renown Park,40,0,0,0,0,0,0,0,0,0,0,2021-07-18 08:36:47.865692+00:618
South Australia,Reynella,49,0,0,0,0,0,0,0,0,0,0,2021-07-18 08:36:47.865692+00:619
South Australia,Reynella East,45,0,0,0,0,0,0,0,0,0,0,2021-07-18 08:36:47.865692+00:620
South Australia,Richmond ,44,0,0,0,0,0,0,0,0,0,0,2021-07-18 08:36:47.865692+00:621
South Australia,Ridgehaven,53,0,0,0,0,0,0,0,0,0,0,2021-07-18 08:36:47.865692+00:622
South Australia,Ridleyton,50,0,0,0,0,0,0,0,0,0,0,2021-07-18 08:36:47.865692+00:623
South Australia,Risdon Park,60,0,0,0,0,0,0,0,0,0,0,2021-07-18 08:36:47.865692+00:624
South Australia,Risdon Park South,47,0,0,0,0,0,0,0,0,0,0,2021-07-18 08:36:47.865692+00:625
South Australia,Riverglades,46,0,0,0,0,0,0,0,0,0,0,2021-07-18 08:36:47.865692+00:626
South Australia,Riverton ,56,0,0,0,0,0,0,0,0,0,0,2021-07-18 08:36:47.865692+00:627
South Australia,Robe,43,0,0,0,0,0,0,0,0,0,0,2021-07-18 08:36:47.865692+00:628
South Australia,Robertstown,54,0,0,0,0,0,0,0,0,0,0,2021-07-18 08:36:47.865692+00:629
South Australia,Rocky Camp,55,0,0,0,0,0,0,0,0,0,0,2021-07-18 08:36:47.865692+00:630
South Australia,Rose Park,36,0,0,0,0,0,0,0,0,0,0,2021-07-18 08:36:47.865692+00:631
South Australia,Rosewater,52,0,0,0,0,0,0,0,0,0,0,2021-07-18 08:36:47.865692+00:632
South Australia,Roseworthy,46,0,0,0,0,0,0,0,0,0,0,2021-07-18 08:36:47.865692+00:633
South Australia,Rosslyn Park,45,0,0,0,0,0,0,0,0,0,0,2021-07-18 08:36:47.865692+00:634
South Australia,Rostrevor,59,0,0,0,0,0,0,0,0,0,0,2021-07-18 08:36:47.865692+00:635
South Australia,Roxby Downs,51,0,0,0,0,0,0,0,0,0,0,2021-07-18 08:36:47.865692+00:636
South Australia,Royal Park,40,0,0,0,0,0,0,0,0,0,0,2021-07-18 08:36:47.865692+00:637
South Australia,Royston Park,45,0,0,0,0,0,0,0,0,0,0,2021-07-18 08:36:47.865692+00:638
South Australia,Rudall,49,0,0,0,0,0,0,0,0,0,0,2021-07-18 08:36:47.865692+00:639
South Australia,Saddleworth,56,0,0,0,0,0,0,0,0,0,0,2021-07-18 08:36:47.865692+00:640
South Australia,Salisbury ,50,0,0,0,0,0,0,0,0,0,0,2021-07-18 08:36:47.865692+00:641
South Australia,Salisbury Downs,60,0,0,0,0,0,0,0,0,0,0,2021-07-18 08:36:47.865692+00:642
South Australia,Salisbury East,39,0,0,0,0,0,0,0,0,0,0,2021-07-18 08:36:47.865692+00:643
South Australia,Salisbury Heights,37,0,0,0,0,0,0,0,0,0,0,2021-07-18 08:36:47.865692+00:644
South Australia,Salisbury North,52,0,0,0,0,0,0,0,0,0,0,2021-07-18 08:36:47.865692+00:645
South Australia,Salisbury Park,55,0,0,0,0,0,0,0,0,0,0,2021-07-18 08:36:47.865692+00:646
South Australia,Salisbury Plain,54,0,0,0,0,0,0,0,0,0,0,2021-07-18 08:36:47.865692+00:647
South Australia,Salisbury South,39,0,0,0,0,0,0,0,0,0,0,2021-07-18 08:36:47.865692+00:648
South Australia,Sandy Creek ,53,0,0,0,0,0,0,0,0,0,0,2021-07-18 08:36:47.865692+00:649
South Australia,Scott Creek,52,0,0,0,0,0,0,0,0,0,0,2021-07-18 08:36:47.865692+00:650
South Australia,Seacliff,40,0,0,0,0,0,0,0,0,0,0,2021-07-18 08:36:47.865692+00:651
South Australia,Seacliff Park,38,0,0,0,0,0,0,0,0,0,0,2021-07-18 08:36:47.865692+00:652
South Australia,Seacombe Gardens,49,0,0,0,0,0,0,0,0,0,0,2021-07-18 08:36:47.865692+00:653
South Australia,Seacombe Heights,47,0,0,0,0,0,0,0,0,0,0,2021-07-18 08:36:47.865692+00:654
South Australia,Seaford ,60,0,0,0,0,0,0,0,0,0,0,2021-07-18 08:36:47.865692+00:655
South Australia,Seaford Meadows,58,0,0,0,0,0,0,0,0,0,0,2021-07-18 08:36:47.865692+00:656
South Australia,Seaford Rise,40,0,0,0,0,0,0,0,0,0,0,2021-07-18 08:36:47.865692+00:657
South Australia,Seaton ,55,0,0,0,0,0,0,0,0,0,0,2021-07-18 08:36:47.865692+00:658
South Australia,Seaview Downs,50,0,0,0,0,0,0,0,0,0,0,2021-07-18 08:36:47.865692+00:659
South Australia,Sefton Park,58,0,0,0,0,0,0,0,0,0,0,2021-07-18 08:36:47.865692+00:660
South Australia,Sellicks Beach,60,0,0,0,0,0,0,0,0,0,0,2021-07-18 08:36:47.865692+00:661
South Australia,Sellicks Hill,54,0,0,0,0,0,0,0,0,0,0,2021-07-18 08:36:47.865692+00:662
South Australia,Semaphore,43,0,0,0,0,0,0,0,0,0,0,2021-07-18 08:36:47.865692+00:663
South Australia,Semaphore Park,53,0,0,0,0,0,0,0,0,0,0,2021-07-18 08:36:47.865692+00:664
South Australia,Semaphore South,47,0,0,0,0,0,0,0,0,0,0,2021-07-18 08:36:47.865692+00:665
South Australia,Sevenhill,55,0,0,0,0,0,0,0,0,0,0,2021-07-18 08:36:47.865692+00:666
South Australia,Shea-Oak Log,52,0,0,0,0,0,0,0,0,0,0,2021-07-18 08:36:47.865692+00:667
South Australia,Sheidow Park,50,0,0,0,0,0,0,0,0,0,0,2021-07-18 08:36:47.865692+00:668
South Australia,Sherwood ,39,0,0,0,0,0,0,0,0,0,0,2021-07-18 08:36:47.865692+00:669
South Australia,Skye ,44,0,0,0,0,0,0,0,0,0,0,2021-07-18 08:36:47.865692+00:670
South Australia,Smithfield ,37,0,0,0,0,0,0,0,0,0,0,2021-07-18 08:36:47.865692+00:671
South Australia,Smithfield Plains,38,0,0,0,0,0,0,0,0,0,0,2021-07-18 08:36:47.865692+00:672
South Australia,Smoky Bay,60,0,0,0,0,0,0,0,0,0,0,2021-07-18 08:36:47.865692+00:673
South Australia,Snowtown,48,0,0,0,0,0,0,0,0,0,0,2021-07-18 08:36:47.865692+00:674
South Australia,Solomontown,41,0,0,0,0,0,0,0,0,0,0,2021-07-18 08:36:47.865692+00:675
South Australia,Somerton Park,56,0,0,0,0,0,0,0,0,0,0,2021-07-18 08:36:47.865692+00:676
South Australia,South Brighton,49,0,0,0,0,0,0,0,0,0,0,2021-07-18 08:36:47.865692+00:677
South Australia,South Plympton,51,0,0,0,0,0,0,0,0,0,0,2021-07-18 08:36:47.865692+00:678
South Australia,Southend,48,0,0,0,0,0,0,0,0,0,0,2021-07-18 08:36:47.865692+00:679
South Australia,Spalding ,37,0,0,0,0,0,0,0,0,0,0,2021-07-18 08:36:47.865692+00:680
South Australia,Springfield ,54,0,0,0,0,0,0,0,0,0,0,2021-07-18 08:36:47.865692+00:681
South Australia,Springton,59,0,0,0,0,0,0,0,0,0,0,2021-07-18 08:36:47.865692+00:682
South Australia,St Agnes ,58,0,0,0,0,0,0,0,0,0,0,2021-07-18 08:36:47.865692+00:683
South Australia,St Georges,51,0,0,0,0,0,0,0,0,0,0,2021-07-18 08:36:47.865692+00:684
South Australia,St Marys ,50,0,0,0,0,0,0,0,0,0,0,2021-07-18 08:36:47.865692+00:685
South Australia,St Morris,46,0,0,0,0,0,0,0,0,0,0,2021-07-18 08:36:47.865692+00:686
South Australia,St Peters ,40,0,0,0,0,0,0,0,0,0,0,2021-07-18 08:36:47.865692+00:687
South Australia,Stanley Flat,41,0,0,0,0,0,0,0,0,0,0,2021-07-18 08:36:47.865692+00:688
South Australia,Stansbury,61,0,0,0,0,0,0,0,0,0,0,2021-07-18 08:36:47.865692+00:689
South Australia,Stepney,36,0,0,0,0,0,0,0,0,0,0,2021-07-18 08:36:47.865692+00:690
South Australia,Stirling ,47,0,0,0,0,0,0,0,0,0,0,2021-07-18 08:36:47.865692+00:691
South Australia,Stirling North,39,0,0,0,0,0,0,0,0,0,0,2021-07-18 08:36:47.865692+00:692
South Australia,Stockport,51,0,0,0,0,0,0,0,0,0,0,2021-07-18 08:36:47.865692+00:693
South Australia,Stockwell,53,0,0,0,0,0,0,0,0,0,0,2021-07-18 08:36:47.865692+00:694
South Australia,Stonyfell,52,0,0,0,0,0,0,0,0,0,0,2021-07-18 08:36:47.865692+00:695
South Australia,Strathalbyn ,55,0,0,0,0,0,0,0,0,0,0,2021-07-18 08:36:47.865692+00:696
South Australia,Streaky Bay,60,0,0,0,0,0,0,0,0,0,0,2021-07-18 08:36:47.865692+00:697
South Australia,Sturt ,43,0,0,0,0,0,0,0,0,0,0,2021-07-18 08:36:47.865692+00:698
South Australia,Summertown,37,0,0,0,0,0,0,0,0,0,0,2021-07-18 08:36:47.865692+00:699
South Australia,Sunlands,45,0,0,0,0,0,0,0,0,0,0,2021-07-18 08:36:47.865692+00:700
South Australia,Sunnyside ,40,0,0,0,0,0,0,0,0,0,0,2021-07-18 08:36:47.865692+00:701
South Australia,Surrey Downs,57,0,0,0,0,0,0,0,0,0,0,2021-07-18 08:36:47.865692+00:702
South Australia,Suttontown,37,0,0,0,0,0,0,0,0,0,0,2021-07-18 08:36:47.865692+00:703
South Australia,Swanport,56,0,0,0,0,0,0,0,0,0,0,2021-07-18 08:36:47.865692+00:704
South Australia,Tailem Bend,43,0,0,0,0,0,0,0,0,0,0,2021-07-18 08:36:47.865692+00:705
South Australia,Taldra,50,0,0,0,0,0,0,0,0,0,0,2021-07-18 08:36:47.865692+00:706
South Australia,Tantanoola,56,0,0,0,0,0,0,0,0,0,0,2021-07-18 08:36:47.865692+00:707
South Australia,Tanunda,51,0,0,0,0,0,0,0,0,0,0,2021-07-18 08:36:47.865692+00:708
South Australia,Taperoo,55,0,0,0,0,0,0,0,0,0,0,2021-07-18 08:36:47.865692+00:709
South Australia,Taplan,51,0,0,0,0,0,0,0,0,0,0,2021-07-18 08:36:47.865692+00:710
South Australia,Tarlee,41,0,0,0,0,0,0,0,0,0,0,2021-07-18 08:36:47.865692+00:711
South Australia,Tarpeena,46,0,0,0,0,0,0,0,0,0,0,2021-07-18 08:36:47.865692+00:712
South Australia,Tatachilla,48,0,0,0,0,0,0,0,0,0,0,2021-07-18 08:36:47.865692+00:713
South Australia,Taylorville,58,0,0,0,0,0,0,0,0,0,0,2021-07-18 08:36:47.865692+00:714
South Australia,Tea Tree Gully,42,0,0,0,0,0,0,0,0,0,0,2021-07-18 08:36:47.865692+00:715
South Australia,Tennyson ,37,0,0,0,0,0,0,0,0,0,0,2021-07-18 08:36:47.865692+00:716
South Australia,Teringie,42,0,0,0,0,0,0,0,0,0,0,2021-07-18 08:36:47.865692+00:717
South Australia,Terowie,38,0,0,0,0,0,0,0,0,0,0,2021-07-18 08:36:47.865692+00:718
South Australia,Thebarton,59,0,0,0,0,0,0,0,0,0,0,2021-07-18 08:36:47.865692+00:719
South Australia,Thevenard,55,0,0,0,0,0,0,0,0,0,0,2021-07-18 08:36:47.865692+00:720
South Australia,Thompson Beach,40,0,0,0,0,0,0,0,0,0,0,2021-07-18 08:36:47.865692+00:721
South Australia,Tickera,51,0,0,0,0,0,0,0,0,0,0,2021-07-18 08:36:47.865692+00:722
South Australia,Tiddy Widdy Beach,60,0,0,0,0,0,0,0,0,0,0,2021-07-18 08:36:47.865692+00:723
South Australia,Tintinara,41,0,0,0,0,0,0,0,0,0,0,2021-07-18 08:36:47.865692+00:724
South Australia,Tooperang,53,0,0,0,0,0,0,0,0,0,0,2021-07-18 08:36:47.865692+00:725
South Australia,Toorak Gardens,49,0,0,0,0,0,0,0,0,0,0,2021-07-18 08:36:47.865692+00:726
South Australia,Torrens Park,61,0,0,0,0,0,0,0,0,0,0,2021-07-18 08:36:47.865692+00:727
South Australia,Torrensville,42,0,0,0,0,0,0,0,0,0,0,2021-07-18 08:36:47.865692+00:728
South Australia,Tranmere ,59,0,0,0,0,0,0,0,0,0,0,2021-07-18 08:36:47.865692+00:729
South Australia,Trinity Gardens,48,0,0,0,0,0,0,0,0,0,0,2021-07-18 08:36:47.865692+00:730
South Australia,Trott Park,47,0,0,0,0,0,0,0,0,0,0,2021-07-18 08:36:47.865692+00:731
South Australia,Truro,58,0,0,0,0,0,0,0,0,0,0,2021-07-18 08:36:47.865692+00:732
South Australia,Tulka,43,0,0,0,0,0,0,0,0,0,0,2021-07-18 08:36:47.865692+00:733
South Australia,Tumby Bay,50,0,0,0,0,0,0,0,0,0,0,2021-07-18 08:36:47.865692+00:734
South Australia,Tungkillo,62,0,0,0,0,0,0,0,0,0,0,2021-07-18 08:36:47.865692+00:735
South Australia,Tusmore,60,0,0,0,0,0,0,0,0,0,0,2021-07-18 08:36:47.865692+00:736
South Australia,Two Wells,51,0,0,0,0,0,0,0,0,0,0,2021-07-18 08:36:47.865692+00:737
South Australia,Uleybury,46,0,0,0,0,0,0,0,0,0,0,2021-07-18 08:36:47.865692+00:738
South Australia,Underdale,62,0,0,0,0,0,0,0,0,0,0,2021-07-18 08:36:47.865692+00:739
South Australia,Ungarra,54,0,0,0,0,0,0,0,0,0,0,2021-07-18 08:36:47.865692+00:740
South Australia,Unley,43,0,0,0,0,0,0,0,0,0,0,2021-07-18 08:36:47.865692+00:741
South Australia,Unley Park,44,0,0,0,0,0,0,0,0,0,0,2021-07-18 08:36:47.865692+00:742
South Australia,Upper Hermitage,62,0,0,0,0,0,0,0,0,0,0,2021-07-18 08:36:47.865692+00:743
South Australia,Upper Sturt,40,0,0,0,0,0,0,0,0,0,0,2021-07-18 08:36:47.865692+00:744
South Australia,Uraidla,40,0,0,0,0,0,0,0,0,0,0,2021-07-18 08:36:47.865692+00:745
South Australia,Urrbrae,45,0,0,0,0,0,0,0,0,0,0,2021-07-18 08:36:47.865692+00:746
South Australia,Vale Park,59,0,0,0,0,0,0,0,0,0,0,2021-07-18 08:36:47.865692+00:747
South Australia,Valley View,61,0,0,0,0,0,0,0,0,0,0,2021-07-18 08:36:47.865692+00:748
South Australia,Venus Bay ,61,0,0,0,0,0,0,0,0,0,0,2021-07-18 08:36:47.865692+00:749
South Australia,Verdun,57,0,0,0,0,0,0,0,0,0,0,2021-07-18 08:36:47.865692+00:750
South Australia,Victor Harbor,49,0,0,0,0,0,0,0,0,0,0,2021-07-18 08:36:47.865692+00:751
South Australia,Virginia ,40,0,0,0,0,0,0,0,0,0,0,2021-07-18 08:36:47.865692+00:752
South Australia,Vista,49,0,0,0,0,0,0,0,0,0,0,2021-07-18 08:36:47.865692+00:753
South Australia,Vivonne Bay,43,0,0,0,0,0,0,0,0,0,0,2021-07-18 08:36:47.865692+00:754
South Australia,Waikerie,48,0,0,0,0,0,0,0,0,0,0,2021-07-18 08:36:47.865692+00:755
South Australia,Waitpinga,58,0,0,0,0,0,0,0,0,0,0,2021-07-18 08:36:47.865692+00:756
South Australia,Walker Flat,44,0,0,0,0,0,0,0,0,0,0,2021-07-18 08:36:47.865692+00:757
South Australia,Walkerville ,50,0,0,0,0,0,0,0,0,0,0,2021-07-18 08:36:47.865692+00:758
South Australia,Walkley Heights,37,0,0,0,0,0,0,0,0,0,0,2021-07-18 08:36:47.865692+00:759
South Australia,Wallaroo ,41,0,0,0,0,0,0,0,0,0,0,2021-07-18 08:36:47.865692+00:760
South Australia,Wallaroo Mines,37,0,0,0,0,0,0,0,0,0,0,2021-07-18 08:36:47.865692+00:761
South Australia,Wallaroo Plain,58,0,0,0,0,0,0,0,0,0,0,2021-07-18 08:36:47.865692+00:762
South Australia,Wami Kata,46,0,0,0,0,0,0,0,0,0,0,2021-07-18 08:36:47.865692+00:763
South Australia,Wanbi,61,0,0,0,0,0,0,0,0,0,0,2021-07-18 08:36:47.865692+00:764
South Australia,Wandearah East,40,0,0,0,0,0,0,0,0,0,0,2021-07-18 08:36:47.865692+00:765
South Australia,Wandilo,50,0,0,0,0,0,0,0,0,0,0,2021-07-18 08:36:47.865692+00:766
South Australia,Wangary,57,0,0,0,0,0,0,0,0,0,0,2021-07-18 08:36:47.865692+00:767
South Australia,Warburto,57,0,0,0,0,0,0,0,0,0,0,2021-07-18 08:36:47.865692+00:768
South Australia,Warnertown,46,0,0,0,0,0,0,0,0,0,0,2021-07-18 08:36:47.865692+00:769
South Australia,Warooka,57,0,0,0,0,0,0,0,0,0,0,2021-07-18 08:36:47.865692+00:770
South Australia,Warradale,42,0,0,0,0,0,0,0,0,0,0,2021-07-18 08:36:47.865692+00:771
South Australia,Warramboo,51,0,0,0,0,0,0,0,0,0,0,2021-07-18 08:36:47.865692+00:772
South Australia,Wasleys,48,0,0,0,0,0,0,0,0,0,0,2021-07-18 08:36:47.865692+00:773
South Australia,Waterloo ,56,0,0,0,0,0,0,0,0,0,0,2021-07-18 08:36:47.865692+00:774
South Australia,Waterloo Corner,61,0,0,0,0,0,0,0,0,0,0,2021-07-18 08:36:47.865692+00:775
South Australia,Watervale,47,0,0,0,0,0,0,0,0,0,0,2021-07-18 08:36:47.865692+00:776
South Australia,Wattle Park,58,0,0,0,0,0,0,0,0,0,0,2021-07-18 08:36:47.865692+00:777
South Australia,Wattle Range,45,0,0,0,0,0,0,0,0,0,0,2021-07-18 08:36:47.865692+00:778
South Australia,Wauraltee,50,0,0,0,0,0,0,0,0,0,0,2021-07-18 08:36:47.865692+00:779
South Australia,Wayville,62,0,0,0,0,0,0,0,0,0,0,2021-07-18 08:36:47.865692+00:780
South Australia,Welland,53,0,0,0,0,0,0,0,0,0,0,2021-07-18 08:36:47.865692+00:781
South Australia,Wellington ,56,0,0,0,0,0,0,0,0,0,0,2021-07-18 08:36:47.865692+00:782
South Australia,Wellington East,46,0,0,0,0,0,0,0,0,0,0,2021-07-18 08:36:47.865692+00:783
South Australia,West Beach ,47,0,0,0,0,0,0,0,0,0,0,2021-07-18 08:36:47.865692+00:784
South Australia,West Croydon,41,0,0,0,0,0,0,0,0,0,0,2021-07-18 08:36:47.865692+00:785
South Australia,West Hindmarsh,58,0,0,0,0,0,0,0,0,0,0,2021-07-18 08:36:47.865692+00:786
South Australia,West Lakes,42,0,0,0,0,0,0,0,0,0,0,2021-07-18 08:36:47.865692+00:787
South Australia,West Lakes Shore,42,0,0,0,0,0,0,0,0,0,0,2021-07-18 08:36:47.865692+00:788
South Australia,West Richmond,44,0,0,0,0,0,0,0,0,0,0,2021-07-18 08:36:47.865692+00:789
South Australia,Westbourne Park,42,0,0,0,0,0,0,0,0,0,0,2021-07-18 08:36:47.865692+00:790
South Australia,Western Flat,56,0,0,0,0,0,0,0,0,0,0,2021-07-18 08:36:47.865692+00:791
South Australia,Whites Valley,49,0,0,0,0,0,0,0,0,0,0,2021-07-18 08:36:47.865692+00:792
South Australia,Whitwarta,47,0,0,0,0,0,0,0,0,0,0,2021-07-18 08:36:47.865692+00:793
South Australia,Whyalla,50,0,0,0,0,0,0,0,0,0,0,2021-07-18 08:36:47.865692+00:794
South Australia,Whyalla Jenkins,41,0,0,0,0,0,0,0,0,0,0,2021-07-18 08:36:47.865692+00:795
South Australia,Whyalla Norrie,38,0,0,0,0,0,0,0,0,0,0,2021-07-18 08:36:47.865692+00:796
South Australia,Whyalla Playford,37,0,0,0,0,0,0,0,0,0,0,2021-07-18 08:36:47.865692+00:797
South Australia,Whyalla Stuart,38,0,0,0,0,0,0,0,0,0,0,2021-07-18 08:36:47.865692+00:798
South Australia,Wild Dog Valley ,38,0,0,0,0,0,0,0,0,0,0,2021-07-18 08:36:47.865692+00:799
South Australia,Willalooka,50,0,0,0,0,0,0,0,0,0,0,2021-07-18 08:36:47.865692+00:800
South Australia,Willaston,49,0,0,0,0,0,0,0,0,0,0,2021-07-18 08:36:47.865692+00:801
South Australia,Williamstown ,62,0,0,0,0,0,0,0,0,0,0,2021-07-18 08:36:47.865692+00:802
South Australia,Willunga,54,0,0,0,0,0,0,0,0,0,0,2021-07-18 08:36:47.865692+00:803
South Australia,Willunga Hill,55,0,0,0,0,0,0,0,0,0,0,2021-07-18 08:36:47.865692+00:804
South Australia,Willunga South,58,0,0,0,0,0,0,0,0,0,0,2021-07-18 08:36:47.865692+00:805
South Australia,Willyaroo,62,0,0,0,0,0,0,0,0,0,0,2021-07-18 08:36:47.865692+00:806
South Australia,Wilmington,41,0,0,0,0,0,0,0,0,0,0,2021-07-18 08:36:47.865692+00:807
South Australia,Windsor ,39,0,0,0,0,0,0,0,0,0,0,2021-07-18 08:36:47.865692+00:808
South Australia,Windsor Gardens,52,0,0,0,0,0,0,0,0,0,0,2021-07-18 08:36:47.865692+00:809
South Australia,Wingfield,42,0,0,0,0,0,0,0,0,0,0,2021-07-18 08:36:47.865692+00:810
South Australia,Winkie,45,0,0,0,0,0,0,0,0,0,0,2021-07-18 08:36:47.865692+00:811
South Australia,Wirrabara,46,0,0,0,0,0,0,0,0,0,0,2021-07-18 08:36:47.865692+00:812
South Australia,Wirrina Cove,51,0,0,0,0,0,0,0,0,0,0,2021-07-18 08:36:47.865692+00:813
South Australia,Wistow,38,0,0,0,0,0,0,0,0,0,0,2021-07-18 08:36:47.865692+00:814
South Australia,Wolseley,43,0,0,0,0,0,0,0,0,0,0,2021-07-18 08:36:47.865692+00:815
South Australia,Woodchester,53,0,0,0,0,0,0,0,0,0,0,2021-07-18 08:36:47.865692+00:816
South Australia,Woodcroft ,54,0,0,0,0,0,0,0,0,0,0,2021-07-18 08:36:47.865692+00:817
South Australia,Woodforde,37,0,0,0,0,0,0,0,0,0,0,2021-07-18 08:36:47.865692+00:818
South Australia,Woodleigh ,58,0,0,0,0,0,0,0,0,0,0,2021-07-18 08:36:47.865692+00:819
South Australia,Woods Point ,52,0,0,0,0,0,0,0,0,0,0,2021-07-18 08:36:47.865692+00:820
South Australia,Woodside ,62,0,0,0,0,0,0,0,0,0,0,2021-07-18 08:36:47.865692+00:821
South Australia,Woodville ,48,0,0,0,0,0,0,0,0,0,0,2021-07-18 08:36:47.865692+00:822
South Australia,Woodville Gardens,46,0,0,0,0,0,0,0,0,0,0,2021-07-18 08:36:47.865692+00:823
South Australia,Woodville North,58,0,0,0,0,0,0,0,0,0,0,2021-07-18 08:36:47.865692+00:824
South Australia,Woodville Park,41,0,0,0,0,0,0,0,0,0,0,2021-07-18 08:36:47.865692+00:825
South Australia,Woodville South,41,0,0,0,0,0,0,0,0,0,0,2021-07-18 08:36:47.865692+00:826
South Australia,Woodville West,58,0,0,0,0,0,0,0,0,0,0,2021-07-18 08:36:47.865692+00:827
South Australia,Wool Bay,48,0,0,0,0,0,0,0,0,0,0,2021-07-18 08:36:47.865692+00:828
South Australia,Woomera,44,0,0,0,0,0,0,0,0,0,0,2021-07-18 08:36:47.865692+00:829
South Australia,Worrolong,60,0,0,0,0,0,0,0,0,0,0,2021-07-18 08:36:47.865692+00:830
South Australia,Wudinna,52,0,0,0,0,0,0,0,0,0,0,2021-07-18 08:36:47.865692+00:831
South Australia,Wunkar,41,0,0,0,0,0,0,0,0,0,0,2021-07-18 08:36:47.865692+00:832
South Australia,Wynn Vale,51,0,0,0,0,0,0,0,0,0,0,2021-07-18 08:36:47.865692+00:833
South Australia,Yacka,46,0,0,0,0,0,0,0,0,0,0,2021-07-18 08:36:47.865692+00:834
South Australia,Yahl,48,0,0,0,0,0,0,0,0,0,0,2021-07-18 08:36:47.865692+00:835
South Australia,Yalata,36,0,0,0,0,0,0,0,0,0,0,2021-07-18 08:36:47.865692+00:836
South Australia,Yankalilla,44,0,0,0,0,0,0,0,0,0,0,2021-07-18 08:36:47.865692+00:837
South Australia,Yatala Vale,59,0,0,0,0,0,0,0,0,0,0,2021-07-18 08:36:47.865692+00:838
South Australia,Yattalunga ,41,0,0,0,0,0,0,0,0,0,0,2021-07-18 08:36:47.865692+00:839
South Australia,Yeelanna,56,0,0,0,0,0,0,0,0,0,0,2021-07-18 08:36:47.865692+00:840
South Australia,Yongala,37,0,0,0,0,0,0,0,0,0,0,2021-07-18 08:36:47.865692+00:841
South Australia,Yorketown,46,0,0,0,0,0,0,0,0,0,0,2021-07-18 08:36:47.865692+00:842
South Australia,Younghusband,39,0,0,0,0,0,0,0,0,0,0,2021-07-18 08:36:47.865692+00:843
South Australia,Yumali,57,0,0,0,0,0,0,0,0,0,0,2021-07-18 08:36:47.865692+00:844
South Australia,Yunta,40,0,0,0,0,0,0,0,0,0,0,2021-07-18 08:36:47.865692+00:845
